{
  "features": [
    {
      "geometry": {
        "coordinates": [
          [
            [
              12,
              33
            ],
            [
              14.2773333,
              33
            ],
            [
              14.8660833,
              35.8204167
            ],
            [
              14.86325,
              35.8940833
            ],
            [
              14.8593333,
              35.9180833
            ],
            [
              14.839,
              35.9880833
            ],
            [
              14.8320833,
              36
            ],
            [
              12.5799167,
              36
            ],
            [
              12.2943333,
              35.7071667
            ],
            [
              12.247,
              35.6266667
            ],
            [
              12.22675,
              35.536
            ],
            [
              12,
              33.3411667
            ],
            [
              12,
              33
            ]
          ]
        ],
        "type": "Polygon"
      },
      "id": 1,
      "properties": {
        "end_datetime": "2021-12-31T23:59:59Z",
        "grid_code": "ESAWORLDCOVER-N33E012",
        "id": 1,
        "product_version": "2.0.0",
        "source_item_id": "ESA_WorldCover_10m_2021_v200_N33E012",
        "start_datetime": "2021-01-01T00:00:00Z"
      },
      "type": "Feature"
    },
    {
      "geometry": {
        "coordinates": [
          [
            [
              6,
              36
            ],
            [
              9,
              36
            ],
            [
              9,
              39
            ],
            [
              7.9693333,
              39
            ],
            [
              6.0720833,
              37.246
            ],
            [
              6.0166667,
              37.1834167
            ],
            [
              6.00425,
              37.1646667
            ],
            [
              6,
              37.1559167
            ],
            [
              6,
              36
            ]
          ]
        ],
        "type": "Polygon"
      },
      "id": 2,
      "properties": {
        "end_datetime": "2021-12-31T23:59:59Z",
        "grid_code": "ESAWORLDCOVER-N36E006",
        "id": 2,
        "product_version": "2.0.0",
        "source_item_id": "ESA_WorldCover_10m_2021_v200_N36E006",
        "start_datetime": "2021-01-01T00:00:00Z"
      },
      "type": "Feature"
    },
    {
      "geometry": {
        "coordinates": [
          [
            [
              9,
              36
            ],
            [
              11.028,
              36
            ],
            [
              12,
              36.443
            ],
            [
              12,
              38.2874167
            ],
            [
              9.8246667,
              39
            ],
            [
              9,
              39
            ],
            [
              9,
              36
            ]
          ]
        ],
        "type": "Polygon"
      },
      "id": 3,
      "properties": {
        "end_datetime": "2021-12-31T23:59:59Z",
        "grid_code": "ESAWORLDCOVER-N36E009",
        "id": 3,
        "product_version": "2.0.0",
        "source_item_id": "ESA_WorldCover_10m_2021_v200_N36E009",
        "start_datetime": "2021-01-01T00:00:00Z"
      },
      "type": "Feature"
    },
    {
      "geometry": {
        "coordinates": [
          [
            [
              12.58,
              36
            ],
            [
              14.832,
              36
            ],
            [
              15,
              36.37075
            ],
            [
              15,
              39
            ],
            [
              13.0726667,
              39
            ],
            [
              13.0060833,
              38.969
            ],
            [
              12.9950833,
              38.9619167
            ],
            [
              12,
              38.2874167
            ],
            [
              12,
              36.443
            ],
            [
              12.58,
              36
            ]
          ]
        ],
        "type": "Polygon"
      },
      "id": 4,
      "properties": {
        "end_datetime": "2021-12-31T23:59:59Z",
        "grid_code": "ESAWORLDCOVER-N36E012",
        "id": 4,
        "product_version": "2.0.0",
        "source_item_id": "ESA_WorldCover_10m_2021_v200_N36E012",
        "start_datetime": "2021-01-01T00:00:00Z"
      },
      "type": "Feature"
    },
    {
      "geometry": {
        "coordinates": [
          [
            [
              15,
              39
            ],
            [
              15,
              36.37075
            ],
            [
              15.0130833,
              36.36525
            ],
            [
              15.03325,
              36.3610833
            ],
            [
              15.16425,
              36.36325
            ],
            [
              15.1849167,
              36.36825
            ],
            [
              15.2980833,
              36.4225833
            ],
            [
              15.2996667,
              36.4239167
            ],
            [
              15.3005,
              36.4244167
            ],
            [
              15.30075,
              36.42475
            ],
            [
              15.30125,
              36.425
            ],
            [
              15.3015,
              36.4253333
            ],
            [
              15.3023333,
              36.4258333
            ],
            [
              15.3025833,
              36.4261667
            ],
            [
              15.3030833,
              36.4264167
            ],
            [
              15.3033333,
              36.42675
            ],
            [
              15.3038333,
              36.427
            ],
            [
              15.3040833,
              36.4273333
            ],
            [
              15.3049167,
              36.4278333
            ],
            [
              15.3051667,
              36.4281667
            ],
            [
              15.3056667,
              36.4284167
            ],
            [
              15.3059167,
              36.42875
            ],
            [
              15.3075,
              36.4298333
            ],
            [
              15.30775,
              36.4301667
            ],
            [
              15.30825,
              36.4304167
            ],
            [
              15.3085,
              36.43075
            ],
            [
              15.3100833,
              36.4318333
            ],
            [
              15.3103333,
              36.4321667
            ],
            [
              15.3119167,
              36.43325
            ],
            [
              15.3121667,
              36.4335833
            ],
            [
              15.3126667,
              36.4338333
            ],
            [
              15.3129167,
              36.4341667
            ],
            [
              15.3145,
              36.43525
            ],
            [
              15.31475,
              36.4355833
            ],
            [
              15.31525,
              36.4358333
            ],
            [
              15.3155,
              36.4361667
            ],
            [
              15.3170833,
              36.43725
            ],
            [
              15.3173333,
              36.4375833
            ],
            [
              15.3178333,
              36.4378333
            ],
            [
              15.3775,
              36.4995
            ],
            [
              15.4173333,
              36.57575
            ],
            [
              15.4339167,
              36.6595833
            ],
            [
              15.4345,
              36.6726667
            ],
            [
              15.4285,
              36.7229167
            ],
            [
              15.4506667,
              36.735
            ],
            [
              15.4510833,
              36.7355833
            ],
            [
              15.453,
              36.7374167
            ],
            [
              15.453,
              36.7375833
            ],
            [
              15.4548333,
              36.7393333
            ],
            [
              15.4548333,
              36.7395
            ],
            [
              15.4554167,
              36.7399167
            ],
            [
              15.45575,
              36.74
            ],
            [
              15.4574167,
              36.7411667
            ],
            [
              15.45775,
              36.74125
            ],
            [
              15.4594167,
              36.7424167
            ],
            [
              15.45975,
              36.7425
            ],
            [
              15.4614167,
              36.7436667
            ],
            [
              15.46175,
              36.74375
            ],
            [
              15.4634167,
              36.7449167
            ],
            [
              15.46375,
              36.745
            ],
            [
              15.4654167,
              36.7461667
            ],
            [
              15.46575,
              36.74625
            ],
            [
              15.4674167,
              36.7474167
            ],
            [
              15.4704167,
              36.7491667
            ],
            [
              15.471,
              36.7496667
            ],
            [
              15.4713333,
              36.74975
            ],
            [
              15.473,
              36.7509167
            ],
            [
              15.4733333,
              36.751
            ],
            [
              15.475,
              36.7521667
            ],
            [
              15.4753333,
              36.75225
            ],
            [
              15.477,
              36.7534167
            ],
            [
              15.4773333,
              36.7535
            ],
            [
              15.479,
              36.7546667
            ],
            [
              15.4793333,
              36.75475
            ],
            [
              15.481,
              36.7559167
            ],
            [
              15.4813333,
              36.756
            ],
            [
              15.483,
              36.7571667
            ],
            [
              15.4833333,
              36.75725
            ],
            [
              15.485,
              36.7584167
            ],
            [
              15.4853333,
              36.7585
            ],
            [
              15.487,
              36.7596667
            ],
            [
              15.49,
              36.7614167
            ],
            [
              15.4905833,
              36.7619167
            ],
            [
              15.4909167,
              36.762
            ],
            [
              15.4965833,
              36.7656667
            ],
            [
              15.49825,
              36.7665833
            ],
            [
              15.4985833,
              36.7669167
            ],
            [
              15.50025,
              36.7678333
            ],
            [
              15.5005833,
              36.7681667
            ],
            [
              15.50225,
              36.7690833
            ],
            [
              15.5025833,
              36.7694167
            ],
            [
              15.50425,
              36.7703333
            ],
            [
              15.5045833,
              36.7706667
            ],
            [
              15.50625,
              36.7715833
            ],
            [
              15.5065833,
              36.7719167
            ],
            [
              15.50825,
              36.7728333
            ],
            [
              15.5085833,
              36.7731667
            ],
            [
              15.51025,
              36.7740833
            ],
            [
              15.5108333,
              36.7745833
            ],
            [
              15.5138333,
              36.7763333
            ],
            [
              15.5155,
              36.7775
            ],
            [
              15.5158333,
              36.7775833
            ],
            [
              15.5175,
              36.77875
            ],
            [
              15.5178333,
              36.7788333
            ],
            [
              15.5195,
              36.78
            ],
            [
              15.5198333,
              36.7800833
            ],
            [
              15.5215,
              36.78125
            ],
            [
              15.5218333,
              36.7813333
            ],
            [
              15.5235,
              36.7825
            ],
            [
              15.5238333,
              36.7825833
            ],
            [
              15.5255,
              36.78375
            ],
            [
              15.5258333,
              36.7838333
            ],
            [
              15.5275,
              36.785
            ],
            [
              15.5278333,
              36.7850833
            ],
            [
              15.5295,
              36.78625
            ],
            [
              15.5298333,
              36.7863333
            ],
            [
              15.5301667,
              36.7866667
            ],
            [
              15.5305,
              36.78675
            ],
            [
              15.5310833,
              36.78725
            ],
            [
              15.5320833,
              36.78775
            ],
            [
              15.5325833,
              36.78825
            ],
            [
              15.5341667,
              36.7904167
            ],
            [
              15.5365,
              36.7931667
            ],
            [
              15.53675,
              36.7936667
            ],
            [
              15.53875,
              36.796
            ],
            [
              15.539,
              36.7965
            ],
            [
              15.541,
              36.7988333
            ],
            [
              15.54125,
              36.7993333
            ],
            [
              15.5435833,
              36.8020833
            ],
            [
              15.5438333,
              36.8025833
            ],
            [
              15.5458333,
              36.8049167
            ],
            [
              15.5460833,
              36.8054167
            ],
            [
              15.5506667,
              36.811
            ],
            [
              15.5509167,
              36.8115
            ],
            [
              15.5529167,
              36.8138333
            ],
            [
              15.5531667,
              36.8143333
            ],
            [
              15.55775,
              36.8199167
            ],
            [
              15.558,
              36.8204167
            ],
            [
              15.5625833,
              36.826
            ],
            [
              15.5628333,
              36.8265
            ],
            [
              15.5648333,
              36.8288333
            ],
            [
              15.5650833,
              36.8293333
            ],
            [
              15.5696667,
              36.8349167
            ],
            [
              15.5699167,
              36.8354167
            ],
            [
              15.5745,
              36.841
            ],
            [
              15.57475,
              36.8415
            ],
            [
              15.57675,
              36.8438333
            ],
            [
              15.577,
              36.8443333
            ],
            [
              15.5815833,
              36.8499167
            ],
            [
              15.5818333,
              36.8504167
            ],
            [
              15.5864167,
              36.856
            ],
            [
              15.5866667,
              36.8565
            ],
            [
              15.5886667,
              36.8588333
            ],
            [
              15.5889167,
              36.8593333
            ],
            [
              15.5935,
              36.8649167
            ],
            [
              15.59375,
              36.8654167
            ],
            [
              15.5954167,
              36.8673333
            ],
            [
              15.6285,
              36.9635
            ],
            [
              15.6275833,
              37.0639167
            ],
            [
              15.6274167,
              37.0661667
            ],
            [
              15.6246667,
              37.08125
            ],
            [
              15.6175833,
              37.0988333
            ],
            [
              15.6173333,
              37.0991667
            ],
            [
              15.6163333,
              37.1019167
            ],
            [
              15.6160833,
              37.10225
            ],
            [
              15.61525,
              37.1045833
            ],
            [
              15.615,
              37.1049167
            ],
            [
              15.614,
              37.1076667
            ],
            [
              15.61375,
              37.108
            ],
            [
              15.61275,
              37.11075
            ],
            [
              15.6125,
              37.1110833
            ],
            [
              15.6116667,
              37.1134167
            ],
            [
              15.6114167,
              37.11375
            ],
            [
              15.6104167,
              37.1165
            ],
            [
              15.6101667,
              37.1168333
            ],
            [
              15.6093333,
              37.1191667
            ],
            [
              15.6090833,
              37.1195
            ],
            [
              15.6080833,
              37.12225
            ],
            [
              15.6078333,
              37.1225833
            ],
            [
              15.6068333,
              37.1253333
            ],
            [
              15.6065833,
              37.1256667
            ],
            [
              15.60575,
              37.128
            ],
            [
              15.6055,
              37.1283333
            ],
            [
              15.6045,
              37.1310833
            ],
            [
              15.60425,
              37.1314167
            ],
            [
              15.6034167,
              37.13375
            ],
            [
              15.6031667,
              37.1340833
            ],
            [
              15.6021667,
              37.1368333
            ],
            [
              15.6019167,
              37.1371667
            ],
            [
              15.6009167,
              37.1399167
            ],
            [
              15.6003333,
              37.1410833
            ],
            [
              15.59375,
              37.17775
            ],
            [
              15.5891667,
              37.1921667
            ],
            [
              15.5593333,
              37.2551667
            ],
            [
              15.5409167,
              37.3425
            ],
            [
              15.5333333,
              37.36175
            ],
            [
              15.5316667,
              37.3663333
            ],
            [
              15.52975,
              37.36925
            ],
            [
              15.5278333,
              37.3725833
            ],
            [
              15.5275,
              37.3729167
            ],
            [
              15.5271667,
              37.3736667
            ],
            [
              15.5268333,
              37.374
            ],
            [
              15.5265,
              37.37475
            ],
            [
              15.5261667,
              37.3750833
            ],
            [
              15.5258333,
              37.3758333
            ],
            [
              15.5255,
              37.3761667
            ],
            [
              15.5251667,
              37.3769167
            ],
            [
              15.5248333,
              37.37725
            ],
            [
              15.5245,
              37.378
            ],
            [
              15.5241667,
              37.3783333
            ],
            [
              15.5238333,
              37.3790833
            ],
            [
              15.5235,
              37.3794167
            ],
            [
              15.5231667,
              37.3801667
            ],
            [
              15.5228333,
              37.3805
            ],
            [
              15.5225,
              37.38125
            ],
            [
              15.5221667,
              37.3815833
            ],
            [
              15.5218333,
              37.3823333
            ],
            [
              15.5215,
              37.3826667
            ],
            [
              15.5211667,
              37.3834167
            ],
            [
              15.5208333,
              37.38375
            ],
            [
              15.5205,
              37.3845
            ],
            [
              15.5201667,
              37.3848333
            ],
            [
              15.5198333,
              37.3855833
            ],
            [
              15.5195,
              37.3859167
            ],
            [
              15.5191667,
              37.3866667
            ],
            [
              15.5188333,
              37.387
            ],
            [
              15.5185,
              37.38775
            ],
            [
              15.5181667,
              37.3880833
            ],
            [
              15.5178333,
              37.3888333
            ],
            [
              15.5175,
              37.3891667
            ],
            [
              15.5171667,
              37.3899167
            ],
            [
              15.5168333,
              37.39025
            ],
            [
              15.5165,
              37.391
            ],
            [
              15.5161667,
              37.3913333
            ],
            [
              15.5158333,
              37.3920833
            ],
            [
              15.5155,
              37.3924167
            ],
            [
              15.5151667,
              37.3931667
            ],
            [
              15.5148333,
              37.3935
            ],
            [
              15.5145,
              37.39425
            ],
            [
              15.5141667,
              37.3945833
            ],
            [
              15.5138333,
              37.3953333
            ],
            [
              15.5135,
              37.3956667
            ],
            [
              15.5131667,
              37.3964167
            ],
            [
              15.5128333,
              37.39675
            ],
            [
              15.5125,
              37.3975
            ],
            [
              15.5121667,
              37.3978333
            ],
            [
              15.5118333,
              37.3985833
            ],
            [
              15.5115,
              37.3989167
            ],
            [
              15.5111667,
              37.3996667
            ],
            [
              15.5108333,
              37.4
            ],
            [
              15.5105,
              37.40075
            ],
            [
              15.5101667,
              37.4010833
            ],
            [
              15.5098333,
              37.4018333
            ],
            [
              15.5095,
              37.4021667
            ],
            [
              15.5089167,
              37.4033333
            ],
            [
              15.5085833,
              37.4036667
            ],
            [
              15.50825,
              37.4044167
            ],
            [
              15.50725,
              37.4058333
            ],
            [
              15.5069167,
              37.4065833
            ],
            [
              15.5065833,
              37.4069167
            ],
            [
              15.50225,
              37.4141667
            ],
            [
              15.50125,
              37.4155833
            ],
            [
              15.50025,
              37.4174167
            ],
            [
              15.49925,
              37.4188333
            ],
            [
              15.49825,
              37.4206667
            ],
            [
              15.4979167,
              37.421
            ],
            [
              15.4975833,
              37.42175
            ],
            [
              15.49725,
              37.4220833
            ],
            [
              15.4969167,
              37.4228333
            ],
            [
              15.4965833,
              37.4231667
            ],
            [
              15.49625,
              37.4239167
            ],
            [
              15.4959167,
              37.42425
            ],
            [
              15.4955833,
              37.425
            ],
            [
              15.49525,
              37.4253333
            ],
            [
              15.4949167,
              37.4260833
            ],
            [
              15.4945833,
              37.4264167
            ],
            [
              15.49425,
              37.4271667
            ],
            [
              15.4939167,
              37.4275
            ],
            [
              15.4935833,
              37.42825
            ],
            [
              15.49325,
              37.4285833
            ],
            [
              15.4929167,
              37.4293333
            ],
            [
              15.4925833,
              37.4296667
            ],
            [
              15.49225,
              37.4304167
            ],
            [
              15.4919167,
              37.43075
            ],
            [
              15.4915833,
              37.4315
            ],
            [
              15.49125,
              37.4318333
            ],
            [
              15.4909167,
              37.4325833
            ],
            [
              15.4905833,
              37.4329167
            ],
            [
              15.49025,
              37.4336667
            ],
            [
              15.4899167,
              37.434
            ],
            [
              15.4895833,
              37.43475
            ],
            [
              15.48925,
              37.4350833
            ],
            [
              15.4889167,
              37.4358333
            ],
            [
              15.4885833,
              37.4361667
            ],
            [
              15.488,
              37.4373333
            ],
            [
              15.4863333,
              37.4398333
            ],
            [
              15.4846667,
              37.44275
            ],
            [
              15.4843333,
              37.4430833
            ],
            [
              15.4826667,
              37.446
            ],
            [
              15.4823333,
              37.4463333
            ],
            [
              15.4806667,
              37.44925
            ],
            [
              15.4803333,
              37.4495833
            ],
            [
              15.4786667,
              37.4525
            ],
            [
              15.4783333,
              37.4528333
            ],
            [
              15.4766667,
              37.45575
            ],
            [
              15.4763333,
              37.4560833
            ],
            [
              15.4753333,
              37.4579167
            ],
            [
              15.4744167,
              37.4589167
            ],
            [
              15.4744167,
              37.4590833
            ],
            [
              15.4736667,
              37.45975
            ],
            [
              15.4736667,
              37.4599167
            ],
            [
              15.4729167,
              37.4605833
            ],
            [
              15.4729167,
              37.46075
            ],
            [
              15.4721667,
              37.4614167
            ],
            [
              15.4721667,
              37.4615833
            ],
            [
              15.4714167,
              37.46225
            ],
            [
              15.4714167,
              37.4624167
            ],
            [
              15.4706667,
              37.4630833
            ],
            [
              15.4706667,
              37.46325
            ],
            [
              15.4699167,
              37.4639167
            ],
            [
              15.4699167,
              37.4640833
            ],
            [
              15.46925,
              37.4646667
            ],
            [
              15.46925,
              37.4648333
            ],
            [
              15.4685,
              37.4655
            ],
            [
              15.4685,
              37.4656667
            ],
            [
              15.46775,
              37.4663333
            ],
            [
              15.46775,
              37.4665
            ],
            [
              15.467,
              37.4671667
            ],
            [
              15.467,
              37.4673333
            ],
            [
              15.46625,
              37.468
            ],
            [
              15.46625,
              37.4681667
            ],
            [
              15.4655,
              37.4688333
            ],
            [
              15.4655,
              37.469
            ],
            [
              15.46475,
              37.4696667
            ],
            [
              15.46475,
              37.4698333
            ],
            [
              15.464,
              37.4705
            ],
            [
              15.464,
              37.4706667
            ],
            [
              15.46325,
              37.4713333
            ],
            [
              15.46325,
              37.4715
            ],
            [
              15.4625,
              37.4721667
            ],
            [
              15.4625,
              37.4723333
            ],
            [
              15.46175,
              37.473
            ],
            [
              15.46175,
              37.4731667
            ],
            [
              15.461,
              37.4738333
            ],
            [
              15.461,
              37.474
            ],
            [
              15.46025,
              37.4746667
            ],
            [
              15.46025,
              37.4748333
            ],
            [
              15.4590833,
              37.4759167
            ],
            [
              15.4585833,
              37.4761667
            ],
            [
              15.4583333,
              37.4765
            ],
            [
              15.4578333,
              37.47675
            ],
            [
              15.4571667,
              37.4774167
            ],
            [
              15.4566667,
              37.4776667
            ],
            [
              15.4564167,
              37.478
            ],
            [
              15.4559167,
              37.47825
            ],
            [
              15.45525,
              37.4789167
            ],
            [
              15.4523333,
              37.4810833
            ],
            [
              15.4569167,
              37.4923333
            ],
            [
              15.4670833,
              37.5225
            ],
            [
              15.4674167,
              37.5231667
            ],
            [
              15.4685,
              37.5273333
            ],
            [
              15.47375,
              37.5396667
            ],
            [
              15.4773333,
              37.5539167
            ],
            [
              15.4810833,
              37.5605833
            ],
            [
              15.48125,
              37.5606667
            ],
            [
              15.4814167,
              37.5611667
            ],
            [
              15.4815833,
              37.56125
            ],
            [
              15.4825,
              37.5630833
            ],
            [
              15.4826667,
              37.5631667
            ],
            [
              15.4828333,
              37.5636667
            ],
            [
              15.483,
              37.56375
            ],
            [
              15.4831667,
              37.56425
            ],
            [
              15.4833333,
              37.5643333
            ],
            [
              15.48425,
              37.5661667
            ],
            [
              15.4844167,
              37.56625
            ],
            [
              15.4845833,
              37.56675
            ],
            [
              15.48475,
              37.5668333
            ],
            [
              15.4849167,
              37.5673333
            ],
            [
              15.4850833,
              37.5674167
            ],
            [
              15.48525,
              37.5679167
            ],
            [
              15.4854167,
              37.568
            ],
            [
              15.4866667,
              37.5704167
            ],
            [
              15.4868333,
              37.5705
            ],
            [
              15.487,
              37.571
            ],
            [
              15.4871667,
              37.5710833
            ],
            [
              15.4884167,
              37.5735
            ],
            [
              15.4885833,
              37.5735833
            ],
            [
              15.48875,
              37.5740833
            ],
            [
              15.4889167,
              37.5741667
            ],
            [
              15.4898333,
              37.576
            ],
            [
              15.4906667,
              37.57725
            ],
            [
              15.4908333,
              37.57775
            ],
            [
              15.491,
              37.5778333
            ],
            [
              15.49125,
              37.5785
            ],
            [
              15.49275,
              37.5809167
            ],
            [
              15.493,
              37.5815833
            ],
            [
              15.4931667,
              37.5816667
            ],
            [
              15.4973333,
              37.5916667
            ],
            [
              15.5085833,
              37.6343333
            ],
            [
              15.5161667,
              37.6435833
            ],
            [
              15.5191667,
              37.648
            ],
            [
              15.5206667,
              37.6499167
            ],
            [
              15.521,
              37.6505833
            ],
            [
              15.5225,
              37.6525
            ],
            [
              15.5228333,
              37.6531667
            ],
            [
              15.5243333,
              37.6550833
            ],
            [
              15.5246667,
              37.65575
            ],
            [
              15.5265833,
              37.65825
            ],
            [
              15.5269167,
              37.6589167
            ],
            [
              15.5284167,
              37.6608333
            ],
            [
              15.53,
              37.66325
            ],
            [
              15.53025,
              37.6634167
            ],
            [
              15.5305833,
              37.6640833
            ],
            [
              15.5320833,
              37.666
            ],
            [
              15.5324167,
              37.6666667
            ],
            [
              15.5339167,
              37.6685833
            ],
            [
              15.53425,
              37.66925
            ],
            [
              15.5361667,
              37.67175
            ],
            [
              15.53775,
              37.6741667
            ],
            [
              15.538,
              37.6743333
            ],
            [
              15.53975,
              37.6769167
            ],
            [
              15.5400833,
              37.6776667
            ],
            [
              15.5404167,
              37.678
            ],
            [
              15.541,
              37.6791667
            ],
            [
              15.5426667,
              37.6816667
            ],
            [
              15.5459167,
              37.6871667
            ],
            [
              15.54625,
              37.68725
            ],
            [
              15.5475833,
              37.6865833
            ],
            [
              15.5476667,
              37.6864167
            ],
            [
              15.5493333,
              37.6856667
            ],
            [
              15.5494167,
              37.6855
            ],
            [
              15.5509167,
              37.6848333
            ],
            [
              15.551,
              37.6846667
            ],
            [
              15.5525,
              37.684
            ],
            [
              15.5525833,
              37.6838333
            ],
            [
              15.55425,
              37.6830833
            ],
            [
              15.5543333,
              37.6829167
            ],
            [
              15.5558333,
              37.68225
            ],
            [
              15.5559167,
              37.6820833
            ],
            [
              15.5574167,
              37.6814167
            ],
            [
              15.5575,
              37.68125
            ],
            [
              15.559,
              37.6805833
            ],
            [
              15.5590833,
              37.6804167
            ],
            [
              15.56075,
              37.6796667
            ],
            [
              15.5608333,
              37.6795
            ],
            [
              15.5623333,
              37.6788333
            ],
            [
              15.5624167,
              37.6786667
            ],
            [
              15.5693333,
              37.6750833
            ],
            [
              15.5710833,
              37.6744167
            ],
            [
              15.57175,
              37.674
            ],
            [
              15.572,
              37.674
            ],
            [
              15.5799167,
              37.6703333
            ],
            [
              15.5816667,
              37.6696667
            ],
            [
              15.5880833,
              37.6666667
            ],
            [
              15.5898333,
              37.666
            ],
            [
              15.5985,
              37.662
            ],
            [
              15.59875,
              37.662
            ],
            [
              15.6010833,
              37.6608333
            ],
            [
              15.6291667,
              37.6501667
            ],
            [
              15.6716667,
              37.6376667
            ],
            [
              15.6985,
              37.6319167
            ],
            [
              15.77425,
              37.6255
            ],
            [
              15.91325,
              37.6315833
            ],
            [
              15.9316667,
              37.6271667
            ],
            [
              16.0208333,
              37.6196667
            ],
            [
              16.0654167,
              37.6295
            ],
            [
              16.0656667,
              37.6295
            ],
            [
              16.06575,
              37.6289167
            ],
            [
              16.0661667,
              37.6289167
            ],
            [
              16.1130833,
              37.6368333
            ],
            [
              16.1283333,
              37.642
            ],
            [
              16.1286667,
              37.642
            ],
            [
              16.2005,
              37.6659167
            ],
            [
              16.2145833,
              37.6731667
            ],
            [
              16.2181667,
              37.6755
            ],
            [
              16.2193333,
              37.6760833
            ],
            [
              16.2196667,
              37.6764167
            ],
            [
              16.2204167,
              37.67675
            ],
            [
              16.22075,
              37.6770833
            ],
            [
              16.2236667,
              37.67875
            ],
            [
              16.22725,
              37.6810833
            ],
            [
              16.2284167,
              37.6816667
            ],
            [
              16.2298333,
              37.6826667
            ],
            [
              16.2305833,
              37.683
            ],
            [
              16.2330833,
              37.6846667
            ],
            [
              16.236,
              37.6863333
            ],
            [
              16.2363333,
              37.6866667
            ],
            [
              16.2375,
              37.68725
            ],
            [
              16.2378333,
              37.6875833
            ],
            [
              16.2385833,
              37.6879167
            ],
            [
              16.2389167,
              37.68825
            ],
            [
              16.2396667,
              37.6885833
            ],
            [
              16.24,
              37.6889167
            ],
            [
              16.24075,
              37.68925
            ],
            [
              16.2410833,
              37.6895833
            ],
            [
              16.2418333,
              37.6899167
            ],
            [
              16.2421667,
              37.69025
            ],
            [
              16.2429167,
              37.6905833
            ],
            [
              16.24325,
              37.6909167
            ],
            [
              16.244,
              37.69125
            ],
            [
              16.2443333,
              37.6915833
            ],
            [
              16.2450833,
              37.6919167
            ],
            [
              16.2454167,
              37.69225
            ],
            [
              16.2461667,
              37.6925833
            ],
            [
              16.2469167,
              37.6931667
            ],
            [
              16.2533333,
              37.697
            ],
            [
              16.25625,
              37.69925
            ],
            [
              16.2566667,
              37.6994167
            ],
            [
              16.2586667,
              37.701
            ],
            [
              16.2590833,
              37.7011667
            ],
            [
              16.262,
              37.7034167
            ],
            [
              16.2624167,
              37.7035833
            ],
            [
              16.2625833,
              37.7038333
            ],
            [
              16.2660833,
              37.70625
            ],
            [
              16.2698333,
              37.7095833
            ],
            [
              16.27,
              37.7095833
            ],
            [
              16.2715,
              37.711
            ],
            [
              16.2716667,
              37.711
            ],
            [
              16.2720833,
              37.7115
            ],
            [
              16.27225,
              37.7115
            ],
            [
              16.2726667,
              37.712
            ],
            [
              16.2733333,
              37.7124167
            ],
            [
              16.2743333,
              37.7134167
            ],
            [
              16.2745,
              37.7134167
            ],
            [
              16.2749167,
              37.7139167
            ],
            [
              16.2750833,
              37.7139167
            ],
            [
              16.2755,
              37.7144167
            ],
            [
              16.2756667,
              37.7144167
            ],
            [
              16.27775,
              37.7163333
            ],
            [
              16.2779167,
              37.7163333
            ],
            [
              16.2783333,
              37.7168333
            ],
            [
              16.2785,
              37.7168333
            ],
            [
              16.2805833,
              37.71875
            ],
            [
              16.28075,
              37.71875
            ],
            [
              16.2811667,
              37.71925
            ],
            [
              16.2813333,
              37.71925
            ],
            [
              16.2834167,
              37.7211667
            ],
            [
              16.2835833,
              37.7211667
            ],
            [
              16.284,
              37.7216667
            ],
            [
              16.2846667,
              37.7220833
            ],
            [
              16.28625,
              37.7235833
            ],
            [
              16.2864167,
              37.7235833
            ],
            [
              16.2868333,
              37.7240833
            ],
            [
              16.287,
              37.7240833
            ],
            [
              16.2890833,
              37.726
            ],
            [
              16.28925,
              37.726
            ],
            [
              16.2896667,
              37.7265
            ],
            [
              16.2898333,
              37.7265
            ],
            [
              16.2919167,
              37.7284167
            ],
            [
              16.2920833,
              37.7284167
            ],
            [
              16.2925,
              37.7289167
            ],
            [
              16.2931667,
              37.7293333
            ],
            [
              16.29475,
              37.7308333
            ],
            [
              16.2949167,
              37.7308333
            ],
            [
              16.2953333,
              37.7313333
            ],
            [
              16.2955,
              37.7313333
            ],
            [
              16.2959167,
              37.7318333
            ],
            [
              16.2971667,
              37.73275
            ],
            [
              16.29875,
              37.73425
            ],
            [
              16.2994167,
              37.7346667
            ],
            [
              16.3026667,
              37.7375833
            ],
            [
              16.3139167,
              37.7488333
            ],
            [
              16.3139167,
              37.749
            ],
            [
              16.3149167,
              37.75
            ],
            [
              16.3153333,
              37.7506667
            ],
            [
              16.31875,
              37.7545
            ],
            [
              16.31875,
              37.7546667
            ],
            [
              16.32175,
              37.758
            ],
            [
              16.3221667,
              37.7586667
            ],
            [
              16.3251667,
              37.762
            ],
            [
              16.3255833,
              37.7626667
            ],
            [
              16.3285833,
              37.766
            ],
            [
              16.329,
              37.7666667
            ],
            [
              16.332,
              37.77
            ],
            [
              16.3324167,
              37.7706667
            ],
            [
              16.3354167,
              37.774
            ],
            [
              16.3358333,
              37.7746667
            ],
            [
              16.3388333,
              37.778
            ],
            [
              16.33925,
              37.7786667
            ],
            [
              16.34225,
              37.782
            ],
            [
              16.34225,
              37.7821667
            ],
            [
              16.3443333,
              37.7845
            ],
            [
              16.3445,
              37.7849167
            ],
            [
              16.345,
              37.7854167
            ],
            [
              16.3451667,
              37.7858333
            ],
            [
              16.3456667,
              37.7863333
            ],
            [
              16.3458333,
              37.78675
            ],
            [
              16.3463333,
              37.78725
            ],
            [
              16.3465,
              37.7876667
            ],
            [
              16.347,
              37.7881667
            ],
            [
              16.3471667,
              37.7885833
            ],
            [
              16.3476667,
              37.7890833
            ],
            [
              16.3478333,
              37.7895
            ],
            [
              16.3483333,
              37.79
            ],
            [
              16.3485,
              37.7904167
            ],
            [
              16.349,
              37.7909167
            ],
            [
              16.35025,
              37.7928333
            ],
            [
              16.3535833,
              37.79725
            ],
            [
              16.3555833,
              37.8008333
            ],
            [
              16.3565,
              37.8021667
            ],
            [
              16.3566667,
              37.8026667
            ],
            [
              16.3575833,
              37.804
            ],
            [
              16.35775,
              37.8045
            ],
            [
              16.3586667,
              37.8058333
            ],
            [
              16.3588333,
              37.8063333
            ],
            [
              16.35975,
              37.8076667
            ],
            [
              16.3599167,
              37.8081667
            ],
            [
              16.3608333,
              37.8095
            ],
            [
              16.361,
              37.81
            ],
            [
              16.3619167,
              37.8113333
            ],
            [
              16.3620833,
              37.8118333
            ],
            [
              16.363,
              37.8131667
            ],
            [
              16.3631667,
              37.8136667
            ],
            [
              16.3640833,
              37.815
            ],
            [
              16.36425,
              37.8155
            ],
            [
              16.3651667,
              37.8168333
            ],
            [
              16.3653333,
              37.8173333
            ],
            [
              16.36625,
              37.8186667
            ],
            [
              16.3664167,
              37.8191667
            ],
            [
              16.3673333,
              37.8205
            ],
            [
              16.3675,
              37.821
            ],
            [
              16.3684167,
              37.8223333
            ],
            [
              16.3685833,
              37.8228333
            ],
            [
              16.3695,
              37.8241667
            ],
            [
              16.3696667,
              37.8246667
            ],
            [
              16.3705833,
              37.826
            ],
            [
              16.37075,
              37.8265
            ],
            [
              16.3716667,
              37.8278333
            ],
            [
              16.3718333,
              37.8283333
            ],
            [
              16.37275,
              37.8296667
            ],
            [
              16.3729167,
              37.8301667
            ],
            [
              16.3738333,
              37.8315
            ],
            [
              16.374,
              37.832
            ],
            [
              16.3749167,
              37.8333333
            ],
            [
              16.3750833,
              37.8338333
            ],
            [
              16.376,
              37.8351667
            ],
            [
              16.3761667,
              37.8356667
            ],
            [
              16.3768333,
              37.8365833
            ],
            [
              16.377,
              37.8370833
            ],
            [
              16.3779167,
              37.8384167
            ],
            [
              16.3780833,
              37.8389167
            ],
            [
              16.379,
              37.84025
            ],
            [
              16.3791667,
              37.84075
            ],
            [
              16.3800833,
              37.8420833
            ],
            [
              16.38025,
              37.8425833
            ],
            [
              16.3811667,
              37.8439167
            ],
            [
              16.3813333,
              37.8444167
            ],
            [
              16.38225,
              37.84575
            ],
            [
              16.3874167,
              37.8566667
            ],
            [
              16.3874167,
              37.8569167
            ],
            [
              16.3880833,
              37.8580833
            ],
            [
              16.3880833,
              37.8583333
            ],
            [
              16.38875,
              37.8595
            ],
            [
              16.38875,
              37.85975
            ],
            [
              16.3893333,
              37.86075
            ],
            [
              16.3893333,
              37.861
            ],
            [
              16.39,
              37.8621667
            ],
            [
              16.39,
              37.8624167
            ],
            [
              16.3906667,
              37.8635833
            ],
            [
              16.3906667,
              37.8638333
            ],
            [
              16.39125,
              37.8648333
            ],
            [
              16.39125,
              37.8650833
            ],
            [
              16.3919167,
              37.86625
            ],
            [
              16.3919167,
              37.8665
            ],
            [
              16.3925833,
              37.8676667
            ],
            [
              16.3925833,
              37.8679167
            ],
            [
              16.3931667,
              37.8689167
            ],
            [
              16.3931667,
              37.8691667
            ],
            [
              16.3938333,
              37.8703333
            ],
            [
              16.3938333,
              37.8705833
            ],
            [
              16.3944167,
              37.8715833
            ],
            [
              16.3944167,
              37.8718333
            ],
            [
              16.3950833,
              37.873
            ],
            [
              16.3950833,
              37.87325
            ],
            [
              16.39575,
              37.8744167
            ],
            [
              16.3963333,
              37.8759167
            ],
            [
              16.397,
              37.8770833
            ],
            [
              16.4166667,
              37.9324167
            ],
            [
              16.4274167,
              37.9759167
            ],
            [
              16.4299167,
              37.9784167
            ],
            [
              16.4300833,
              37.9784167
            ],
            [
              16.4336667,
              37.9820833
            ],
            [
              16.4338333,
              37.9820833
            ],
            [
              16.4374167,
              37.98575
            ],
            [
              16.4375833,
              37.98575
            ],
            [
              16.44125,
              37.9895
            ],
            [
              16.4414167,
              37.9895
            ],
            [
              16.445,
              37.9931667
            ],
            [
              16.4451667,
              37.9931667
            ],
            [
              16.4488333,
              37.9969167
            ],
            [
              16.449,
              37.9969167
            ],
            [
              16.4525833,
              38.0005833
            ],
            [
              16.45275,
              38.0005833
            ],
            [
              16.4564167,
              38.0043333
            ],
            [
              16.4565833,
              38.0043333
            ],
            [
              16.4601667,
              38.008
            ],
            [
              16.4603333,
              38.008
            ],
            [
              16.464,
              38.01175
            ],
            [
              16.4641667,
              38.01175
            ],
            [
              16.46775,
              38.0154167
            ],
            [
              16.4679167,
              38.0154167
            ],
            [
              16.4715833,
              38.0191667
            ],
            [
              16.47175,
              38.0191667
            ],
            [
              16.4753333,
              38.0228333
            ],
            [
              16.4755,
              38.0228333
            ],
            [
              16.492,
              38.0390833
            ],
            [
              16.53175,
              38.0554167
            ],
            [
              16.546,
              38.05925
            ],
            [
              16.5575833,
              38.0646667
            ],
            [
              16.55875,
              38.0650833
            ],
            [
              16.5595833,
              38.0655833
            ],
            [
              16.56075,
              38.066
            ],
            [
              16.5615833,
              38.0665
            ],
            [
              16.56275,
              38.0669167
            ],
            [
              16.5635833,
              38.0674167
            ],
            [
              16.56475,
              38.0678333
            ],
            [
              16.5655833,
              38.0683333
            ],
            [
              16.56675,
              38.06875
            ],
            [
              16.5675833,
              38.06925
            ],
            [
              16.56875,
              38.0696667
            ],
            [
              16.5695833,
              38.0701667
            ],
            [
              16.57075,
              38.0705833
            ],
            [
              16.5715833,
              38.0710833
            ],
            [
              16.57275,
              38.0715
            ],
            [
              16.5735833,
              38.072
            ],
            [
              16.57475,
              38.0724167
            ],
            [
              16.5755833,
              38.0729167
            ],
            [
              16.5776667,
              38.07375
            ],
            [
              16.5854167,
              38.0774167
            ],
            [
              16.5856667,
              38.0774167
            ],
            [
              16.5865,
              38.0779167
            ],
            [
              16.5876667,
              38.0783333
            ],
            [
              16.5885,
              38.0788333
            ],
            [
              16.5896667,
              38.07925
            ],
            [
              16.5905,
              38.07975
            ],
            [
              16.5916667,
              38.0801667
            ],
            [
              16.5925,
              38.0806667
            ],
            [
              16.5936667,
              38.0810833
            ],
            [
              16.5945,
              38.0815833
            ],
            [
              16.5956667,
              38.082
            ],
            [
              16.5965,
              38.0825
            ],
            [
              16.5976667,
              38.0829167
            ],
            [
              16.5985,
              38.0834167
            ],
            [
              16.5996667,
              38.0838333
            ],
            [
              16.6005,
              38.0843333
            ],
            [
              16.6016667,
              38.08475
            ],
            [
              16.6025,
              38.08525
            ],
            [
              16.6036667,
              38.0856667
            ],
            [
              16.6045,
              38.0861667
            ],
            [
              16.6056667,
              38.0865833
            ],
            [
              16.6065,
              38.0870833
            ],
            [
              16.60675,
              38.0870833
            ],
            [
              16.6174167,
              38.0920833
            ],
            [
              16.6185833,
              38.0925
            ],
            [
              16.6194167,
              38.093
            ],
            [
              16.6205833,
              38.0934167
            ],
            [
              16.6214167,
              38.0939167
            ],
            [
              16.6225833,
              38.0943333
            ],
            [
              16.6234167,
              38.0948333
            ],
            [
              16.6245833,
              38.09525
            ],
            [
              16.6254167,
              38.09575
            ],
            [
              16.6265833,
              38.0961667
            ],
            [
              16.6274167,
              38.0966667
            ],
            [
              16.6285833,
              38.0970833
            ],
            [
              16.6294167,
              38.0975833
            ],
            [
              16.6305833,
              38.098
            ],
            [
              16.6314167,
              38.0985
            ],
            [
              16.6325833,
              38.0989167
            ],
            [
              16.6334167,
              38.0994167
            ],
            [
              16.6345833,
              38.0998333
            ],
            [
              16.6450833,
              38.1069167
            ],
            [
              16.6591667,
              38.11225
            ],
            [
              16.66,
              38.1130833
            ],
            [
              16.6601667,
              38.1130833
            ],
            [
              16.6636667,
              38.1160833
            ],
            [
              16.66425,
              38.1164167
            ],
            [
              16.6650833,
              38.11725
            ],
            [
              16.6656667,
              38.1175833
            ],
            [
              16.66825,
              38.1198333
            ],
            [
              16.6684167,
              38.1198333
            ],
            [
              16.66925,
              38.1206667
            ],
            [
              16.6698333,
              38.121
            ],
            [
              16.6733333,
              38.124
            ],
            [
              16.6735,
              38.124
            ],
            [
              16.6743333,
              38.1248333
            ],
            [
              16.6749167,
              38.1251667
            ],
            [
              16.6775,
              38.1274167
            ],
            [
              16.6776667,
              38.1274167
            ],
            [
              16.6785,
              38.12825
            ],
            [
              16.6786667,
              38.12825
            ],
            [
              16.6821667,
              38.13125
            ],
            [
              16.68275,
              38.1315833
            ],
            [
              16.6835833,
              38.1324167
            ],
            [
              16.68375,
              38.1324167
            ],
            [
              16.68725,
              38.1354167
            ],
            [
              16.6878333,
              38.13575
            ],
            [
              16.6886667,
              38.1365833
            ],
            [
              16.68925,
              38.1369167
            ],
            [
              16.6918333,
              38.1391667
            ],
            [
              16.692,
              38.1391667
            ],
            [
              16.6923333,
              38.1395833
            ],
            [
              16.6925,
              38.1395833
            ],
            [
              16.6928333,
              38.14
            ],
            [
              16.693,
              38.14
            ],
            [
              16.6965,
              38.143
            ],
            [
              16.6970833,
              38.1433333
            ],
            [
              16.7001667,
              38.146
            ],
            [
              16.70075,
              38.1461667
            ],
            [
              16.7019167,
              38.1471667
            ],
            [
              16.7023333,
              38.1473333
            ],
            [
              16.7041667,
              38.1488333
            ],
            [
              16.7045833,
              38.149
            ],
            [
              16.7064167,
              38.1505
            ],
            [
              16.7068333,
              38.1506667
            ],
            [
              16.7086667,
              38.1521667
            ],
            [
              16.7090833,
              38.1523333
            ],
            [
              16.7109167,
              38.1538333
            ],
            [
              16.7113333,
              38.154
            ],
            [
              16.7131667,
              38.1555
            ],
            [
              16.7135833,
              38.1556667
            ],
            [
              16.7154167,
              38.1571667
            ],
            [
              16.7158333,
              38.1573333
            ],
            [
              16.7176667,
              38.1588333
            ],
            [
              16.7180833,
              38.159
            ],
            [
              16.7199167,
              38.1605
            ],
            [
              16.7203333,
              38.1606667
            ],
            [
              16.7221667,
              38.1621667
            ],
            [
              16.7225833,
              38.1623333
            ],
            [
              16.7244167,
              38.1638333
            ],
            [
              16.7248333,
              38.164
            ],
            [
              16.7266667,
              38.1655
            ],
            [
              16.7270833,
              38.1656667
            ],
            [
              16.7289167,
              38.1671667
            ],
            [
              16.7293333,
              38.1673333
            ],
            [
              16.7311667,
              38.1688333
            ],
            [
              16.7315833,
              38.169
            ],
            [
              16.7334167,
              38.1705
            ],
            [
              16.7338333,
              38.1706667
            ],
            [
              16.7356667,
              38.1721667
            ],
            [
              16.7360833,
              38.1723333
            ],
            [
              16.7379167,
              38.1738333
            ],
            [
              16.74,
              38.17525
            ],
            [
              16.7400833,
              38.1755
            ],
            [
              16.7410833,
              38.1764167
            ],
            [
              16.7410833,
              38.1765833
            ],
            [
              16.7420833,
              38.1775
            ],
            [
              16.7420833,
              38.1776667
            ],
            [
              16.7430833,
              38.1785833
            ],
            [
              16.7430833,
              38.17875
            ],
            [
              16.7440833,
              38.1796667
            ],
            [
              16.7440833,
              38.1798333
            ],
            [
              16.7450833,
              38.18075
            ],
            [
              16.7450833,
              38.1809167
            ],
            [
              16.7460833,
              38.1818333
            ],
            [
              16.7460833,
              38.182
            ],
            [
              16.7470833,
              38.1829167
            ],
            [
              16.7470833,
              38.1830833
            ],
            [
              16.7480833,
              38.184
            ],
            [
              16.7480833,
              38.1841667
            ],
            [
              16.7490833,
              38.1850833
            ],
            [
              16.7490833,
              38.18525
            ],
            [
              16.7500833,
              38.1861667
            ],
            [
              16.7500833,
              38.1863333
            ],
            [
              16.7510833,
              38.18725
            ],
            [
              16.7510833,
              38.1874167
            ],
            [
              16.7520833,
              38.1883333
            ],
            [
              16.7520833,
              38.1885
            ],
            [
              16.7530833,
              38.1894167
            ],
            [
              16.7530833,
              38.1895833
            ],
            [
              16.7540833,
              38.1905
            ],
            [
              16.7540833,
              38.1906667
            ],
            [
              16.7550833,
              38.1915833
            ],
            [
              16.7550833,
              38.19175
            ],
            [
              16.7560833,
              38.1926667
            ],
            [
              16.7560833,
              38.1928333
            ],
            [
              16.7570833,
              38.19375
            ],
            [
              16.7570833,
              38.1939167
            ],
            [
              16.7580833,
              38.1948333
            ],
            [
              16.7580833,
              38.195
            ],
            [
              16.7590833,
              38.1959167
            ],
            [
              16.7590833,
              38.1960833
            ],
            [
              16.7600833,
              38.197
            ],
            [
              16.7600833,
              38.1971667
            ],
            [
              16.7610833,
              38.1980833
            ],
            [
              16.7610833,
              38.19825
            ],
            [
              16.7620833,
              38.1991667
            ],
            [
              16.7620833,
              38.1993333
            ],
            [
              16.7630833,
              38.20025
            ],
            [
              16.7630833,
              38.2004167
            ],
            [
              16.7640833,
              38.2013333
            ],
            [
              16.7640833,
              38.2015
            ],
            [
              16.7650833,
              38.2024167
            ],
            [
              16.7650833,
              38.2025833
            ],
            [
              16.7660833,
              38.2035
            ],
            [
              16.7660833,
              38.2036667
            ],
            [
              16.767,
              38.2045
            ],
            [
              16.767,
              38.2046667
            ],
            [
              16.768,
              38.2055833
            ],
            [
              16.768,
              38.20575
            ],
            [
              16.769,
              38.2066667
            ],
            [
              16.769,
              38.2068333
            ],
            [
              16.77,
              38.20775
            ],
            [
              16.77,
              38.2079167
            ],
            [
              16.771,
              38.2088333
            ],
            [
              16.771,
              38.209
            ],
            [
              16.772,
              38.2099167
            ],
            [
              16.772,
              38.2100833
            ],
            [
              16.773,
              38.211
            ],
            [
              16.773,
              38.2111667
            ],
            [
              16.774,
              38.2120833
            ],
            [
              16.774,
              38.21225
            ],
            [
              16.775,
              38.2131667
            ],
            [
              16.775,
              38.2133333
            ],
            [
              16.776,
              38.21425
            ],
            [
              16.776,
              38.2144167
            ],
            [
              16.777,
              38.2153333
            ],
            [
              16.777,
              38.2155
            ],
            [
              16.778,
              38.2164167
            ],
            [
              16.778,
              38.2165833
            ],
            [
              16.779,
              38.2175
            ],
            [
              16.779,
              38.2176667
            ],
            [
              16.78,
              38.2185833
            ],
            [
              16.78,
              38.21875
            ],
            [
              16.781,
              38.2196667
            ],
            [
              16.781,
              38.2198333
            ],
            [
              16.782,
              38.22075
            ],
            [
              16.782,
              38.2209167
            ],
            [
              16.783,
              38.2218333
            ],
            [
              16.783,
              38.222
            ],
            [
              16.784,
              38.2229167
            ],
            [
              16.784,
              38.2230833
            ],
            [
              16.785,
              38.224
            ],
            [
              16.785,
              38.2241667
            ],
            [
              16.786,
              38.2250833
            ],
            [
              16.786,
              38.22525
            ],
            [
              16.787,
              38.2261667
            ],
            [
              16.787,
              38.2263333
            ],
            [
              16.788,
              38.22725
            ],
            [
              16.788,
              38.2274167
            ],
            [
              16.789,
              38.2283333
            ],
            [
              16.789,
              38.2285
            ],
            [
              16.79,
              38.2294167
            ],
            [
              16.79,
              38.2295833
            ],
            [
              16.791,
              38.2305
            ],
            [
              16.791,
              38.2306667
            ],
            [
              16.792,
              38.2315833
            ],
            [
              16.792,
              38.23175
            ],
            [
              16.793,
              38.2326667
            ],
            [
              16.793,
              38.2328333
            ],
            [
              16.794,
              38.23375
            ],
            [
              16.794,
              38.2339167
            ],
            [
              16.795,
              38.2348333
            ],
            [
              16.795,
              38.235
            ],
            [
              16.796,
              38.2359167
            ],
            [
              16.796,
              38.2360833
            ],
            [
              16.797,
              38.237
            ],
            [
              16.797,
              38.2371667
            ],
            [
              16.798,
              38.2380833
            ],
            [
              16.798,
              38.23825
            ],
            [
              16.799,
              38.2391667
            ],
            [
              16.799,
              38.2393333
            ],
            [
              16.8,
              38.24025
            ],
            [
              16.8,
              38.2404167
            ],
            [
              16.801,
              38.2413333
            ],
            [
              16.801,
              38.2415
            ],
            [
              16.802,
              38.2424167
            ],
            [
              16.802,
              38.2425833
            ],
            [
              16.803,
              38.2435
            ],
            [
              16.803,
              38.2436667
            ],
            [
              16.804,
              38.2445833
            ],
            [
              16.804,
              38.24475
            ],
            [
              16.805,
              38.2456667
            ],
            [
              16.805,
              38.2458333
            ],
            [
              16.806,
              38.24675
            ],
            [
              16.806,
              38.2469167
            ],
            [
              16.807,
              38.2478333
            ],
            [
              16.807,
              38.248
            ],
            [
              16.808,
              38.2489167
            ],
            [
              16.808,
              38.2490833
            ],
            [
              16.809,
              38.25
            ],
            [
              16.809,
              38.2501667
            ],
            [
              16.8159167,
              38.2575
            ],
            [
              16.82425,
              38.2709167
            ],
            [
              16.8680833,
              38.3990833
            ],
            [
              16.8755833,
              38.47175
            ],
            [
              16.8771667,
              38.5041667
            ],
            [
              16.877,
              38.5306667
            ],
            [
              16.86675,
              38.6064167
            ],
            [
              16.8659167,
              38.6095833
            ],
            [
              16.9171667,
              38.62775
            ],
            [
              16.981,
              38.60875
            ],
            [
              17.0274167,
              38.6094167
            ],
            [
              17.0296667,
              38.6084167
            ],
            [
              17.1185833,
              38.5994167
            ],
            [
              17.206,
              38.6169167
            ],
            [
              17.20975,
              38.6189167
            ],
            [
              17.2098333,
              38.6190833
            ],
            [
              17.2108333,
              38.6195
            ],
            [
              17.2109167,
              38.6196667
            ],
            [
              17.21175,
              38.62
            ],
            [
              17.2118333,
              38.6201667
            ],
            [
              17.2128333,
              38.6205833
            ],
            [
              17.2129167,
              38.62075
            ],
            [
              17.21375,
              38.6210833
            ],
            [
              17.2138333,
              38.62125
            ],
            [
              17.21575,
              38.6221667
            ],
            [
              17.2158333,
              38.6223333
            ],
            [
              17.2188333,
              38.6238333
            ],
            [
              17.2189167,
              38.624
            ],
            [
              17.2208333,
              38.6249167
            ],
            [
              17.2209167,
              38.6250833
            ],
            [
              17.2228333,
              38.626
            ],
            [
              17.2229167,
              38.6261667
            ],
            [
              17.2248333,
              38.6270833
            ],
            [
              17.2249167,
              38.62725
            ],
            [
              17.2268333,
              38.6281667
            ],
            [
              17.2269167,
              38.6283333
            ],
            [
              17.2279167,
              38.62875
            ],
            [
              17.2289167,
              38.6294167
            ],
            [
              17.2299167,
              38.6298333
            ],
            [
              17.2309167,
              38.6305
            ],
            [
              17.233,
              38.6315
            ],
            [
              17.234,
              38.6321667
            ],
            [
              17.235,
              38.6325833
            ],
            [
              17.236,
              38.63325
            ],
            [
              17.237,
              38.6336667
            ],
            [
              17.238,
              38.6343333
            ],
            [
              17.239,
              38.63475
            ],
            [
              17.24,
              38.6354167
            ],
            [
              17.241,
              38.6358333
            ],
            [
              17.242,
              38.6365
            ],
            [
              17.243,
              38.6369167
            ],
            [
              17.244,
              38.6375833
            ],
            [
              17.245,
              38.638
            ],
            [
              17.246,
              38.6386667
            ],
            [
              17.2500833,
              38.64075
            ],
            [
              17.2510833,
              38.6414167
            ],
            [
              17.2520833,
              38.6418333
            ],
            [
              17.2530833,
              38.6425
            ],
            [
              17.2540833,
              38.6429167
            ],
            [
              17.2550833,
              38.6435833
            ],
            [
              17.2560833,
              38.644
            ],
            [
              17.2570833,
              38.6446667
            ],
            [
              17.2580833,
              38.6450833
            ],
            [
              17.2590833,
              38.64575
            ],
            [
              17.2600833,
              38.6461667
            ],
            [
              17.2610833,
              38.6468333
            ],
            [
              17.2651667,
              38.6489167
            ],
            [
              17.2661667,
              38.6495833
            ],
            [
              17.2671667,
              38.65
            ],
            [
              17.2681667,
              38.6506667
            ],
            [
              17.2691667,
              38.6510833
            ],
            [
              17.2701667,
              38.65175
            ],
            [
              17.2711667,
              38.6521667
            ],
            [
              17.2721667,
              38.6528333
            ],
            [
              17.2731667,
              38.65325
            ],
            [
              17.2741667,
              38.6539167
            ],
            [
              17.2751667,
              38.6543333
            ],
            [
              17.2761667,
              38.655
            ],
            [
              17.28025,
              38.6570833
            ],
            [
              17.28125,
              38.65775
            ],
            [
              17.28225,
              38.6581667
            ],
            [
              17.28325,
              38.6588333
            ],
            [
              17.28425,
              38.65925
            ],
            [
              17.2880833,
              38.663
            ],
            [
              17.2880833,
              38.6631667
            ],
            [
              17.2923333,
              38.6673333
            ],
            [
              17.2923333,
              38.6675
            ],
            [
              17.2965833,
              38.6716667
            ],
            [
              17.2965833,
              38.6718333
            ],
            [
              17.3008333,
              38.676
            ],
            [
              17.3008333,
              38.6761667
            ],
            [
              17.3050833,
              38.6803333
            ],
            [
              17.3050833,
              38.6805
            ],
            [
              17.30925,
              38.6845833
            ],
            [
              17.30925,
              38.68475
            ],
            [
              17.3135,
              38.6889167
            ],
            [
              17.3135,
              38.6890833
            ],
            [
              17.3259167,
              38.7016667
            ],
            [
              17.3263333,
              38.7018333
            ],
            [
              17.3265,
              38.7020833
            ],
            [
              17.3269167,
              38.70225
            ],
            [
              17.3270833,
              38.7025
            ],
            [
              17.3289167,
              38.7036667
            ],
            [
              17.3290833,
              38.7039167
            ],
            [
              17.3295,
              38.7040833
            ],
            [
              17.3296667,
              38.7043333
            ],
            [
              17.3300833,
              38.7045
            ],
            [
              17.33025,
              38.70475
            ],
            [
              17.3320833,
              38.7059167
            ],
            [
              17.33225,
              38.7061667
            ],
            [
              17.3326667,
              38.7063333
            ],
            [
              17.3328333,
              38.7065833
            ],
            [
              17.3346667,
              38.70775
            ],
            [
              17.3348333,
              38.708
            ],
            [
              17.33525,
              38.7081667
            ],
            [
              17.3354167,
              38.7084167
            ],
            [
              17.33725,
              38.7095833
            ],
            [
              17.3374167,
              38.7098333
            ],
            [
              17.3378333,
              38.71
            ],
            [
              17.338,
              38.71025
            ],
            [
              17.3384167,
              38.7104167
            ],
            [
              17.3385833,
              38.7106667
            ],
            [
              17.3398333,
              38.7114167
            ],
            [
              17.34,
              38.7116667
            ],
            [
              17.3404167,
              38.7118333
            ],
            [
              17.3405833,
              38.7120833
            ],
            [
              17.341,
              38.71225
            ],
            [
              17.3411667,
              38.7125
            ],
            [
              17.3415833,
              38.7126667
            ],
            [
              17.34175,
              38.7129167
            ],
            [
              17.343,
              38.7136667
            ],
            [
              17.3431667,
              38.7139167
            ],
            [
              17.3435833,
              38.7140833
            ],
            [
              17.34375,
              38.7143333
            ],
            [
              17.3441667,
              38.7145
            ],
            [
              17.3443333,
              38.71475
            ],
            [
              17.34475,
              38.7149167
            ],
            [
              17.3449167,
              38.7151667
            ],
            [
              17.3459167,
              38.71575
            ],
            [
              17.3463333,
              38.71625
            ],
            [
              17.3465,
              38.71625
            ],
            [
              17.34775,
              38.7175833
            ],
            [
              17.3479167,
              38.7175833
            ],
            [
              17.3490833,
              38.7188333
            ],
            [
              17.34925,
              38.7188333
            ],
            [
              17.3505,
              38.7201667
            ],
            [
              17.3506667,
              38.7201667
            ],
            [
              17.3519167,
              38.7215
            ],
            [
              17.3520833,
              38.7215
            ],
            [
              17.3533333,
              38.7228333
            ],
            [
              17.3535,
              38.7228333
            ],
            [
              17.35475,
              38.7241667
            ],
            [
              17.3549167,
              38.7241667
            ],
            [
              17.3561667,
              38.7255
            ],
            [
              17.3563333,
              38.7255
            ],
            [
              17.3575833,
              38.7268333
            ],
            [
              17.35775,
              38.7268333
            ],
            [
              17.359,
              38.7281667
            ],
            [
              17.3591667,
              38.7281667
            ],
            [
              17.3604167,
              38.7295
            ],
            [
              17.3605833,
              38.7295
            ],
            [
              17.3618333,
              38.7308333
            ],
            [
              17.362,
              38.7308333
            ],
            [
              17.3645833,
              38.7334167
            ],
            [
              17.36475,
              38.7334167
            ],
            [
              17.366,
              38.73475
            ],
            [
              17.3661667,
              38.73475
            ],
            [
              17.3674167,
              38.7360833
            ],
            [
              17.3675833,
              38.7360833
            ],
            [
              17.3688333,
              38.7374167
            ],
            [
              17.369,
              38.7374167
            ],
            [
              17.37025,
              38.73875
            ],
            [
              17.3704167,
              38.73875
            ],
            [
              17.3716667,
              38.7400833
            ],
            [
              17.3718333,
              38.7400833
            ],
            [
              17.3730833,
              38.7414167
            ],
            [
              17.37325,
              38.7414167
            ],
            [
              17.3745,
              38.74275
            ],
            [
              17.3746667,
              38.74275
            ],
            [
              17.3759167,
              38.7440833
            ],
            [
              17.3760833,
              38.7440833
            ],
            [
              17.3773333,
              38.7454167
            ],
            [
              17.3775,
              38.7454167
            ],
            [
              17.37875,
              38.74675
            ],
            [
              17.3789167,
              38.74675
            ],
            [
              17.3800833,
              38.748
            ],
            [
              17.38025,
              38.748
            ],
            [
              17.3815,
              38.7493333
            ],
            [
              17.3816667,
              38.7493333
            ],
            [
              17.3829167,
              38.7506667
            ],
            [
              17.3830833,
              38.7506667
            ],
            [
              17.3843333,
              38.752
            ],
            [
              17.3845,
              38.752
            ],
            [
              17.38575,
              38.7533333
            ],
            [
              17.3859167,
              38.7533333
            ],
            [
              17.3871667,
              38.7546667
            ],
            [
              17.3873333,
              38.7546667
            ],
            [
              17.3885833,
              38.756
            ],
            [
              17.38875,
              38.756
            ],
            [
              17.39,
              38.7573333
            ],
            [
              17.3901667,
              38.7573333
            ],
            [
              17.3914167,
              38.7586667
            ],
            [
              17.3915833,
              38.7586667
            ],
            [
              17.3928333,
              38.76
            ],
            [
              17.393,
              38.76
            ],
            [
              17.39425,
              38.7613333
            ],
            [
              17.3944167,
              38.7613333
            ],
            [
              17.3955833,
              38.7625833
            ],
            [
              17.39575,
              38.7625833
            ],
            [
              17.397,
              38.7639167
            ],
            [
              17.3971667,
              38.7639167
            ],
            [
              17.3984167,
              38.76525
            ],
            [
              17.3985833,
              38.76525
            ],
            [
              17.4061667,
              38.7725
            ],
            [
              17.428,
              38.8090833
            ],
            [
              17.4283333,
              38.8094167
            ],
            [
              17.4481667,
              38.8426667
            ],
            [
              17.4483333,
              38.84275
            ],
            [
              17.4553333,
              38.86875
            ],
            [
              17.45575,
              38.8691667
            ],
            [
              17.4571667,
              38.8714167
            ],
            [
              17.4574167,
              38.8715833
            ],
            [
              17.4588333,
              38.8738333
            ],
            [
              17.4590833,
              38.874
            ],
            [
              17.4605,
              38.87625
            ],
            [
              17.46075,
              38.8764167
            ],
            [
              17.4621667,
              38.8786667
            ],
            [
              17.4624167,
              38.8788333
            ],
            [
              17.4638333,
              38.8810833
            ],
            [
              17.4640833,
              38.88125
            ],
            [
              17.4655,
              38.8835
            ],
            [
              17.46575,
              38.8836667
            ],
            [
              17.4671667,
              38.8859167
            ],
            [
              17.4674167,
              38.8860833
            ],
            [
              17.4688333,
              38.8883333
            ],
            [
              17.4690833,
              38.8885
            ],
            [
              17.4705,
              38.89075
            ],
            [
              17.47075,
              38.8909167
            ],
            [
              17.4721667,
              38.8931667
            ],
            [
              17.4724167,
              38.8933333
            ],
            [
              17.4729167,
              38.89425
            ],
            [
              17.4731667,
              38.8944167
            ],
            [
              17.4738333,
              38.8955833
            ],
            [
              17.4740833,
              38.89575
            ],
            [
              17.4745833,
              38.8966667
            ],
            [
              17.4748333,
              38.8968333
            ],
            [
              17.4755,
              38.898
            ],
            [
              17.47575,
              38.8981667
            ],
            [
              17.47625,
              38.8990833
            ],
            [
              17.4771667,
              38.90025
            ],
            [
              17.5039167,
              38.9909167
            ],
            [
              17.5036667,
              39
            ],
            [
              15.7959167,
              39
            ],
            [
              15.8030833,
              38.9795833
            ],
            [
              15.8036667,
              38.97825
            ],
            [
              15.804,
              38.977
            ],
            [
              15.8045833,
              38.9756667
            ],
            [
              15.8049167,
              38.9744167
            ],
            [
              15.8055,
              38.9730833
            ],
            [
              15.8058333,
              38.9718333
            ],
            [
              15.806,
              38.9716667
            ],
            [
              15.8063333,
              38.9704167
            ],
            [
              15.8069167,
              38.9690833
            ],
            [
              15.80725,
              38.9678333
            ],
            [
              15.8074167,
              38.9676667
            ],
            [
              15.8075,
              38.9670833
            ],
            [
              15.806,
              38.9664167
            ],
            [
              15.8059167,
              38.96625
            ],
            [
              15.80425,
              38.9655
            ],
            [
              15.8041667,
              38.9653333
            ],
            [
              15.8026667,
              38.9646667
            ],
            [
              15.8025833,
              38.9645
            ],
            [
              15.8010833,
              38.9638333
            ],
            [
              15.801,
              38.9636667
            ],
            [
              15.7993333,
              38.9629167
            ],
            [
              15.79925,
              38.96275
            ],
            [
              15.79775,
              38.9620833
            ],
            [
              15.7976667,
              38.9619167
            ],
            [
              15.7950833,
              38.9605833
            ],
            [
              15.78575,
              38.9581667
            ],
            [
              15.7461667,
              38.9445833
            ],
            [
              15.7285,
              38.937
            ],
            [
              15.7278333,
              38.9368333
            ],
            [
              15.69725,
              38.9185
            ],
            [
              15.6969167,
              38.9181667
            ],
            [
              15.6953333,
              38.9173333
            ],
            [
              15.6931667,
              38.9159167
            ],
            [
              15.6878333,
              38.9128333
            ],
            [
              15.6875,
              38.9125
            ],
            [
              15.6784167,
              38.9071667
            ],
            [
              15.6780833,
              38.9068333
            ],
            [
              15.669,
              38.9015
            ],
            [
              15.6686667,
              38.9011667
            ],
            [
              15.66,
              38.8960833
            ],
            [
              15.6596667,
              38.89575
            ],
            [
              15.6551667,
              38.8931667
            ],
            [
              15.6550833,
              38.8929167
            ],
            [
              15.6540833,
              38.892
            ],
            [
              15.6540833,
              38.8918333
            ],
            [
              15.653,
              38.8908333
            ],
            [
              15.653,
              38.8906667
            ],
            [
              15.652,
              38.88975
            ],
            [
              15.652,
              38.8895833
            ],
            [
              15.6509167,
              38.8885833
            ],
            [
              15.6509167,
              38.8884167
            ],
            [
              15.6499167,
              38.8875
            ],
            [
              15.6499167,
              38.8873333
            ],
            [
              15.6488333,
              38.8863333
            ],
            [
              15.6488333,
              38.8861667
            ],
            [
              15.6478333,
              38.88525
            ],
            [
              15.6478333,
              38.8850833
            ],
            [
              15.64675,
              38.8840833
            ],
            [
              15.64675,
              38.8839167
            ],
            [
              15.64575,
              38.883
            ],
            [
              15.64575,
              38.8828333
            ],
            [
              15.6446667,
              38.8818333
            ],
            [
              15.6446667,
              38.8816667
            ],
            [
              15.6436667,
              38.88075
            ],
            [
              15.6436667,
              38.8805833
            ],
            [
              15.6425833,
              38.8795833
            ],
            [
              15.6425833,
              38.8794167
            ],
            [
              15.6415833,
              38.8785
            ],
            [
              15.6415833,
              38.8783333
            ],
            [
              15.6405,
              38.8773333
            ],
            [
              15.6405,
              38.8771667
            ],
            [
              15.6395,
              38.87625
            ],
            [
              15.6395,
              38.8760833
            ],
            [
              15.6384167,
              38.8750833
            ],
            [
              15.6384167,
              38.8749167
            ],
            [
              15.6374167,
              38.874
            ],
            [
              15.6374167,
              38.8738333
            ],
            [
              15.6363333,
              38.8728333
            ],
            [
              15.6363333,
              38.8726667
            ],
            [
              15.6353333,
              38.87175
            ],
            [
              15.6353333,
              38.8715833
            ],
            [
              15.63425,
              38.8705833
            ],
            [
              15.63425,
              38.8704167
            ],
            [
              15.63325,
              38.8695
            ],
            [
              15.63325,
              38.8693333
            ],
            [
              15.6321667,
              38.8683333
            ],
            [
              15.6321667,
              38.8681667
            ],
            [
              15.6311667,
              38.86725
            ],
            [
              15.6311667,
              38.8670833
            ],
            [
              15.6300833,
              38.8660833
            ],
            [
              15.6300833,
              38.8659167
            ],
            [
              15.6290833,
              38.865
            ],
            [
              15.6290833,
              38.8648333
            ],
            [
              15.628,
              38.8638333
            ],
            [
              15.628,
              38.8636667
            ],
            [
              15.627,
              38.86275
            ],
            [
              15.627,
              38.8625833
            ],
            [
              15.6259167,
              38.8615833
            ],
            [
              15.6259167,
              38.8614167
            ],
            [
              15.6249167,
              38.8605
            ],
            [
              15.6249167,
              38.8603333
            ],
            [
              15.6238333,
              38.8593333
            ],
            [
              15.6238333,
              38.8591667
            ],
            [
              15.6228333,
              38.85825
            ],
            [
              15.6228333,
              38.8580833
            ],
            [
              15.62175,
              38.8570833
            ],
            [
              15.62175,
              38.8569167
            ],
            [
              15.62075,
              38.856
            ],
            [
              15.62075,
              38.8558333
            ],
            [
              15.6196667,
              38.8548333
            ],
            [
              15.6196667,
              38.8546667
            ],
            [
              15.6186667,
              38.85375
            ],
            [
              15.6186667,
              38.8535833
            ],
            [
              15.6175833,
              38.8525833
            ],
            [
              15.6175833,
              38.8524167
            ],
            [
              15.6165833,
              38.8515
            ],
            [
              15.6165833,
              38.8513333
            ],
            [
              15.6155,
              38.8503333
            ],
            [
              15.6155,
              38.8501667
            ],
            [
              15.6145,
              38.84925
            ],
            [
              15.6145,
              38.8490833
            ],
            [
              15.6134167,
              38.8480833
            ],
            [
              15.6134167,
              38.8479167
            ],
            [
              15.6124167,
              38.847
            ],
            [
              15.6124167,
              38.8468333
            ],
            [
              15.6113333,
              38.8458333
            ],
            [
              15.6113333,
              38.8456667
            ],
            [
              15.6103333,
              38.84475
            ],
            [
              15.6103333,
              38.8445833
            ],
            [
              15.60925,
              38.8435833
            ],
            [
              15.60925,
              38.8434167
            ],
            [
              15.6081667,
              38.8424167
            ],
            [
              15.6081667,
              38.84225
            ],
            [
              15.6071667,
              38.8413333
            ],
            [
              15.6071667,
              38.8411667
            ],
            [
              15.6060833,
              38.8401667
            ],
            [
              15.6060833,
              38.84
            ],
            [
              15.6050833,
              38.8390833
            ],
            [
              15.6050833,
              38.8389167
            ],
            [
              15.604,
              38.8379167
            ],
            [
              15.604,
              38.83775
            ],
            [
              15.603,
              38.8368333
            ],
            [
              15.603,
              38.8366667
            ],
            [
              15.5979167,
              38.8313333
            ],
            [
              15.59,
              38.8199167
            ],
            [
              15.58725,
              38.8126667
            ],
            [
              15.5864167,
              38.8108333
            ],
            [
              15.5863333,
              38.8103333
            ],
            [
              15.5856667,
              38.8089167
            ],
            [
              15.5855833,
              38.8084167
            ],
            [
              15.5849167,
              38.807
            ],
            [
              15.5848333,
              38.8065
            ],
            [
              15.5841667,
              38.8050833
            ],
            [
              15.5840833,
              38.8045833
            ],
            [
              15.58325,
              38.80275
            ],
            [
              15.5831667,
              38.80225
            ],
            [
              15.5825,
              38.8008333
            ],
            [
              15.5824167,
              38.8003333
            ],
            [
              15.58175,
              38.7989167
            ],
            [
              15.5816667,
              38.7984167
            ],
            [
              15.581,
              38.797
            ],
            [
              15.5809167,
              38.7965
            ],
            [
              15.58025,
              38.7950833
            ],
            [
              15.5801667,
              38.7945833
            ],
            [
              15.5785833,
              38.7908333
            ],
            [
              15.5785,
              38.7903333
            ],
            [
              15.5778333,
              38.7889167
            ],
            [
              15.57775,
              38.7884167
            ],
            [
              15.5770833,
              38.787
            ],
            [
              15.577,
              38.7865
            ],
            [
              15.5763333,
              38.7850833
            ],
            [
              15.57625,
              38.7845833
            ],
            [
              15.5746667,
              38.7808333
            ],
            [
              15.5745833,
              38.7803333
            ],
            [
              15.5739167,
              38.7789167
            ],
            [
              15.5738333,
              38.7784167
            ],
            [
              15.5731667,
              38.777
            ],
            [
              15.5730833,
              38.7765
            ],
            [
              15.5715,
              38.77275
            ],
            [
              15.5714167,
              38.77225
            ],
            [
              15.57075,
              38.7708333
            ],
            [
              15.5706667,
              38.7703333
            ],
            [
              15.57,
              38.7689167
            ],
            [
              15.5699167,
              38.7684167
            ],
            [
              15.56925,
              38.767
            ],
            [
              15.5691667,
              38.7665
            ],
            [
              15.5668333,
              38.7608333
            ],
            [
              15.56675,
              38.7603333
            ],
            [
              15.5660833,
              38.7589167
            ],
            [
              15.566,
              38.7584167
            ],
            [
              15.5653333,
              38.757
            ],
            [
              15.56525,
              38.7565
            ],
            [
              15.5629167,
              38.7508333
            ],
            [
              15.5628333,
              38.7503333
            ],
            [
              15.5621667,
              38.7489167
            ],
            [
              15.5620833,
              38.7484167
            ],
            [
              15.55975,
              38.74275
            ],
            [
              15.5596667,
              38.74225
            ],
            [
              15.559,
              38.7408333
            ],
            [
              15.5589167,
              38.7403333
            ],
            [
              15.55825,
              38.7389167
            ],
            [
              15.5581667,
              38.7384167
            ],
            [
              15.5558333,
              38.73275
            ],
            [
              15.55575,
              38.73225
            ],
            [
              15.5550833,
              38.7308333
            ],
            [
              15.555,
              38.7303333
            ],
            [
              15.5543333,
              38.7289167
            ],
            [
              15.55425,
              38.7284167
            ],
            [
              15.5519167,
              38.72275
            ],
            [
              15.5518333,
              38.72225
            ],
            [
              15.5511667,
              38.7208333
            ],
            [
              15.5509167,
              38.7199167
            ],
            [
              15.5505,
              38.7199167
            ],
            [
              15.5465833,
              38.7210833
            ],
            [
              15.545,
              38.7155833
            ],
            [
              15.543,
              38.69975
            ],
            [
              15.5395833,
              38.69125
            ],
            [
              15.5381667,
              38.6815
            ],
            [
              15.5383333,
              38.68125
            ],
            [
              15.5405833,
              38.681
            ],
            [
              15.5405833,
              38.6808333
            ],
            [
              15.53375,
              38.6288333
            ],
            [
              15.53375,
              38.6278333
            ],
            [
              15.5384167,
              38.5999167
            ],
            [
              15.4605,
              38.591
            ],
            [
              15.46025,
              38.591
            ],
            [
              15.4603333,
              38.59125
            ],
            [
              15.4629167,
              38.5943333
            ],
            [
              15.4635,
              38.5955
            ],
            [
              15.4638333,
              38.5958333
            ],
            [
              15.4644167,
              38.597
            ],
            [
              15.46475,
              38.5973333
            ],
            [
              15.4653333,
              38.5985
            ],
            [
              15.4656667,
              38.5988333
            ],
            [
              15.46575,
              38.5991667
            ],
            [
              15.4665833,
              38.6003333
            ],
            [
              15.4714167,
              38.6084167
            ],
            [
              15.4718333,
              38.6084167
            ],
            [
              15.4751667,
              38.613
            ],
            [
              15.47675,
              38.6149167
            ],
            [
              15.4809167,
              38.624
            ],
            [
              15.4815,
              38.62475
            ],
            [
              15.4820833,
              38.6259167
            ],
            [
              15.4824167,
              38.62625
            ],
            [
              15.483,
              38.6274167
            ],
            [
              15.4833333,
              38.62775
            ],
            [
              15.4839167,
              38.6289167
            ],
            [
              15.48425,
              38.62925
            ],
            [
              15.4848333,
              38.6304167
            ],
            [
              15.4851667,
              38.63075
            ],
            [
              15.48575,
              38.6319167
            ],
            [
              15.4860833,
              38.63225
            ],
            [
              15.4866667,
              38.6334167
            ],
            [
              15.487,
              38.63375
            ],
            [
              15.4875833,
              38.6349167
            ],
            [
              15.4879167,
              38.63525
            ],
            [
              15.4885,
              38.6364167
            ],
            [
              15.4888333,
              38.63675
            ],
            [
              15.4894167,
              38.6379167
            ],
            [
              15.48975,
              38.63825
            ],
            [
              15.4903333,
              38.6394167
            ],
            [
              15.4906667,
              38.63975
            ],
            [
              15.49125,
              38.6409167
            ],
            [
              15.4915833,
              38.64125
            ],
            [
              15.4921667,
              38.6424167
            ],
            [
              15.4925,
              38.64275
            ],
            [
              15.4930833,
              38.6439167
            ],
            [
              15.4934167,
              38.64425
            ],
            [
              15.494,
              38.6454167
            ],
            [
              15.4943333,
              38.64575
            ],
            [
              15.4949167,
              38.6469167
            ],
            [
              15.49525,
              38.64725
            ],
            [
              15.4958333,
              38.6484167
            ],
            [
              15.4961667,
              38.64875
            ],
            [
              15.49675,
              38.6499167
            ],
            [
              15.4970833,
              38.65025
            ],
            [
              15.4976667,
              38.6514167
            ],
            [
              15.498,
              38.65175
            ],
            [
              15.4985833,
              38.6529167
            ],
            [
              15.4989167,
              38.65325
            ],
            [
              15.4995,
              38.6544167
            ],
            [
              15.4998333,
              38.65475
            ],
            [
              15.5006667,
              38.6563333
            ],
            [
              15.501,
              38.6566667
            ],
            [
              15.5013333,
              38.6574167
            ],
            [
              15.50425,
              38.6620833
            ],
            [
              15.5068333,
              38.6681667
            ],
            [
              15.5026667,
              38.6699167
            ],
            [
              15.50225,
              38.67025
            ],
            [
              15.50425,
              38.6743333
            ],
            [
              15.50425,
              38.6745833
            ],
            [
              15.50575,
              38.6775833
            ],
            [
              15.50725,
              38.6810833
            ],
            [
              15.5078333,
              38.6820833
            ],
            [
              15.5083333,
              38.6834167
            ],
            [
              15.5113333,
              38.6896667
            ],
            [
              15.5113333,
              38.6899167
            ],
            [
              15.5119167,
              38.6909167
            ],
            [
              15.5119167,
              38.6911667
            ],
            [
              15.5129167,
              38.6930833
            ],
            [
              15.5129167,
              38.6933333
            ],
            [
              15.5144167,
              38.6963333
            ],
            [
              15.5154167,
              38.69875
            ],
            [
              15.516,
              38.69975
            ],
            [
              15.516,
              38.7
            ],
            [
              15.518,
              38.7040833
            ],
            [
              15.5185,
              38.7054167
            ],
            [
              15.519,
              38.70625
            ],
            [
              15.519,
              38.7065
            ],
            [
              15.5195833,
              38.7075
            ],
            [
              15.5195833,
              38.70775
            ],
            [
              15.5200833,
              38.7085833
            ],
            [
              15.5200833,
              38.7088333
            ],
            [
              15.5215833,
              38.7118333
            ],
            [
              15.5230833,
              38.7153333
            ],
            [
              15.5236667,
              38.7163333
            ],
            [
              15.5241667,
              38.7176667
            ],
            [
              15.5271667,
              38.7239167
            ],
            [
              15.5271667,
              38.7241667
            ],
            [
              15.52775,
              38.7251667
            ],
            [
              15.52975,
              38.72975
            ],
            [
              15.53025,
              38.7305833
            ],
            [
              15.5321667,
              38.7389167
            ],
            [
              15.53875,
              38.8205
            ],
            [
              15.53875,
              38.8215833
            ],
            [
              15.5384167,
              38.8233333
            ],
            [
              15.52275,
              38.9023333
            ],
            [
              15.4851667,
              38.9759167
            ],
            [
              15.4628333,
              39
            ],
            [
              15,
              39
            ]
          ]
        ],
        "type": "Polygon"
      },
      "id": 5,
      "properties": {
        "end_datetime": "2021-12-31T23:59:59Z",
        "grid_code": "ESAWORLDCOVER-N36E015",
        "id": 5,
        "product_version": "2.0.0",
        "source_item_id": "ESA_WorldCover_10m_2021_v200_N36E015",
        "start_datetime": "2021-01-01T00:00:00Z"
      },
      "type": "Feature"
    },
    {
      "geometry": {
        "coordinates": [
          [
            [
              8.2901667,
              42
            ],
            [
              8.291,
              41.9159167
            ],
            [
              8.3246667,
              41.8220833
            ],
            [
              8.3283333,
              41.8175833
            ],
            [
              8.3431667,
              41.7714167
            ],
            [
              8.3501667,
              41.7584167
            ],
            [
              8.3580833,
              41.7480833
            ],
            [
              8.3563333,
              41.723
            ],
            [
              8.3803333,
              41.6294167
            ],
            [
              8.3868333,
              41.6195833
            ],
            [
              8.3878333,
              41.6178333
            ],
            [
              8.3888333,
              41.6165
            ],
            [
              8.3898333,
              41.61475
            ],
            [
              8.3908333,
              41.6134167
            ],
            [
              8.3909167,
              41.6130833
            ],
            [
              8.39375,
              41.6089167
            ],
            [
              8.3938333,
              41.6085833
            ],
            [
              8.39575,
              41.6058333
            ],
            [
              8.3958333,
              41.6055
            ],
            [
              8.39775,
              41.60275
            ],
            [
              8.3978333,
              41.6024167
            ],
            [
              8.39975,
              41.5996667
            ],
            [
              8.3998333,
              41.5993333
            ],
            [
              8.4006667,
              41.59825
            ],
            [
              8.40075,
              41.5979167
            ],
            [
              8.4026667,
              41.5951667
            ],
            [
              8.40275,
              41.5948333
            ],
            [
              8.4046667,
              41.5920833
            ],
            [
              8.40475,
              41.59175
            ],
            [
              8.4066667,
              41.589
            ],
            [
              8.40675,
              41.5886667
            ],
            [
              8.4086667,
              41.5859167
            ],
            [
              8.40875,
              41.5855833
            ],
            [
              8.4106667,
              41.5828333
            ],
            [
              8.41075,
              41.5825
            ],
            [
              8.4115833,
              41.5814167
            ],
            [
              8.4116667,
              41.5810833
            ],
            [
              8.4135833,
              41.5783333
            ],
            [
              8.4136667,
              41.578
            ],
            [
              8.4155833,
              41.57525
            ],
            [
              8.4156667,
              41.5749167
            ],
            [
              8.4175833,
              41.5721667
            ],
            [
              8.4176667,
              41.5718333
            ],
            [
              8.4195833,
              41.5690833
            ],
            [
              8.4196667,
              41.56875
            ],
            [
              8.4215833,
              41.566
            ],
            [
              8.4216667,
              41.5656667
            ],
            [
              8.4225,
              41.5645833
            ],
            [
              8.4225833,
              41.56425
            ],
            [
              8.4245,
              41.5615
            ],
            [
              8.4245833,
              41.5611667
            ],
            [
              8.4265,
              41.5584167
            ],
            [
              8.4265833,
              41.5580833
            ],
            [
              8.4285,
              41.5553333
            ],
            [
              8.4285833,
              41.555
            ],
            [
              8.4294167,
              41.5539167
            ],
            [
              8.4295,
              41.5535833
            ],
            [
              8.4305,
              41.55225
            ],
            [
              8.4305833,
              41.5519167
            ],
            [
              8.4314167,
              41.5508333
            ],
            [
              8.4315,
              41.5505
            ],
            [
              8.4325,
              41.5491667
            ],
            [
              8.4329167,
              41.5483333
            ],
            [
              8.4370833,
              41.5449167
            ],
            [
              8.4384167,
              41.544
            ],
            [
              8.4386667,
              41.5436667
            ],
            [
              8.4388333,
              41.5436667
            ],
            [
              8.4390833,
              41.5433333
            ],
            [
              8.43925,
              41.5433333
            ],
            [
              8.4395,
              41.543
            ],
            [
              8.4396667,
              41.543
            ],
            [
              8.4399167,
              41.5426667
            ],
            [
              8.4416667,
              41.5414167
            ],
            [
              8.4419167,
              41.5410833
            ],
            [
              8.4420833,
              41.5410833
            ],
            [
              8.4423333,
              41.54075
            ],
            [
              8.4425,
              41.54075
            ],
            [
              8.44275,
              41.5404167
            ],
            [
              8.4445,
              41.5391667
            ],
            [
              8.44475,
              41.5388333
            ],
            [
              8.4449167,
              41.5388333
            ],
            [
              8.4451667,
              41.5385
            ],
            [
              8.4453333,
              41.5385
            ],
            [
              8.4455833,
              41.5381667
            ],
            [
              8.44775,
              41.5365833
            ],
            [
              8.448,
              41.53625
            ],
            [
              8.4481667,
              41.53625
            ],
            [
              8.4484167,
              41.5359167
            ],
            [
              8.4489167,
              41.5356667
            ],
            [
              8.45125,
              41.5336667
            ],
            [
              8.45175,
              41.5334167
            ],
            [
              8.4540833,
              41.5314167
            ],
            [
              8.4545833,
              41.5311667
            ],
            [
              8.4569167,
              41.5291667
            ],
            [
              8.4574167,
              41.5289167
            ],
            [
              8.45975,
              41.5269167
            ],
            [
              8.46025,
              41.5266667
            ],
            [
              8.4621667,
              41.525
            ],
            [
              8.4626667,
              41.52475
            ],
            [
              8.465,
              41.52275
            ],
            [
              8.4655,
              41.5225
            ],
            [
              8.4678333,
              41.5205
            ],
            [
              8.4683333,
              41.52025
            ],
            [
              8.4706667,
              41.51825
            ],
            [
              8.4711667,
              41.518
            ],
            [
              8.4735,
              41.516
            ],
            [
              8.474,
              41.51575
            ],
            [
              8.4763333,
              41.51375
            ],
            [
              8.4768333,
              41.5135
            ],
            [
              8.4791667,
              41.5115
            ],
            [
              8.4796667,
              41.51125
            ],
            [
              8.482,
              41.50925
            ],
            [
              8.4825,
              41.509
            ],
            [
              8.4848333,
              41.507
            ],
            [
              8.4853333,
              41.50675
            ],
            [
              8.4876667,
              41.50475
            ],
            [
              8.4881667,
              41.5045
            ],
            [
              8.4905,
              41.5025
            ],
            [
              8.491,
              41.50225
            ],
            [
              8.4933333,
              41.50025
            ],
            [
              8.4955,
              41.4986667
            ],
            [
              8.50075,
              41.4771667
            ],
            [
              8.5081667,
              41.465
            ],
            [
              8.5084167,
              41.4645
            ],
            [
              8.50925,
              41.46025
            ],
            [
              8.5094167,
              41.4601667
            ],
            [
              8.51,
              41.4588333
            ],
            [
              8.5101667,
              41.45875
            ],
            [
              8.51075,
              41.4574167
            ],
            [
              8.5109167,
              41.4573333
            ],
            [
              8.5130833,
              41.453
            ],
            [
              8.51325,
              41.4529167
            ],
            [
              8.5138333,
              41.4515833
            ],
            [
              8.514,
              41.4515
            ],
            [
              8.5145833,
              41.4501667
            ],
            [
              8.51475,
              41.4500833
            ],
            [
              8.5153333,
              41.44875
            ],
            [
              8.5155,
              41.4486667
            ],
            [
              8.5160833,
              41.4473333
            ],
            [
              8.51625,
              41.44725
            ],
            [
              8.5168333,
              41.4459167
            ],
            [
              8.517,
              41.4458333
            ],
            [
              8.5175833,
              41.4445
            ],
            [
              8.51775,
              41.4444167
            ],
            [
              8.5183333,
              41.4430833
            ],
            [
              8.5185,
              41.443
            ],
            [
              8.5190833,
              41.4416667
            ],
            [
              8.51925,
              41.4415833
            ],
            [
              8.5198333,
              41.44025
            ],
            [
              8.52,
              41.4401667
            ],
            [
              8.5205833,
              41.4388333
            ],
            [
              8.52075,
              41.43875
            ],
            [
              8.5213333,
              41.4374167
            ],
            [
              8.5215,
              41.4373333
            ],
            [
              8.5220833,
              41.436
            ],
            [
              8.52225,
              41.4359167
            ],
            [
              8.5228333,
              41.4345833
            ],
            [
              8.523,
              41.4345
            ],
            [
              8.5235833,
              41.4331667
            ],
            [
              8.52375,
              41.4330833
            ],
            [
              8.5243333,
              41.43175
            ],
            [
              8.5245,
              41.4316667
            ],
            [
              8.5250833,
              41.4303333
            ],
            [
              8.52525,
              41.43025
            ],
            [
              8.5258333,
              41.4289167
            ],
            [
              8.526,
              41.4288333
            ],
            [
              8.5265833,
              41.4275
            ],
            [
              8.52675,
              41.4274167
            ],
            [
              8.5273333,
              41.4260833
            ],
            [
              8.5275,
              41.426
            ],
            [
              8.5280833,
              41.4246667
            ],
            [
              8.52825,
              41.4245833
            ],
            [
              8.5296667,
              41.4216667
            ],
            [
              8.5298333,
              41.4215833
            ],
            [
              8.5304167,
              41.42025
            ],
            [
              8.5305833,
              41.4201667
            ],
            [
              8.5311667,
              41.4188333
            ],
            [
              8.5313333,
              41.41875
            ],
            [
              8.5319167,
              41.4174167
            ],
            [
              8.5320833,
              41.4173333
            ],
            [
              8.5326667,
              41.416
            ],
            [
              8.5328333,
              41.4159167
            ],
            [
              8.5334167,
              41.4145833
            ],
            [
              8.5335833,
              41.4145
            ],
            [
              8.5341667,
              41.4131667
            ],
            [
              8.5343333,
              41.4130833
            ],
            [
              8.5349167,
              41.41175
            ],
            [
              8.5350833,
              41.4116667
            ],
            [
              8.5356667,
              41.4103333
            ],
            [
              8.5358333,
              41.41025
            ],
            [
              8.5364167,
              41.4089167
            ],
            [
              8.5365833,
              41.4088333
            ],
            [
              8.5371667,
              41.4075
            ],
            [
              8.5373333,
              41.4074167
            ],
            [
              8.5379167,
              41.4060833
            ],
            [
              8.5380833,
              41.406
            ],
            [
              8.5386667,
              41.4046667
            ],
            [
              8.5388333,
              41.4045833
            ],
            [
              8.5394167,
              41.40325
            ],
            [
              8.5395833,
              41.4031667
            ],
            [
              8.5401667,
              41.4018333
            ],
            [
              8.5403333,
              41.40175
            ],
            [
              8.5409167,
              41.4004167
            ],
            [
              8.5410833,
              41.4003333
            ],
            [
              8.5416667,
              41.399
            ],
            [
              8.5418333,
              41.3989167
            ],
            [
              8.5424167,
              41.3975833
            ],
            [
              8.5425833,
              41.3975
            ],
            [
              8.5495833,
              41.3840833
            ],
            [
              8.5538333,
              41.3799167
            ],
            [
              8.5538333,
              41.37975
            ],
            [
              8.5580833,
              41.3755833
            ],
            [
              8.5580833,
              41.3754167
            ],
            [
              8.5623333,
              41.37125
            ],
            [
              8.5623333,
              41.3710833
            ],
            [
              8.5665833,
              41.3669167
            ],
            [
              8.5665833,
              41.36675
            ],
            [
              8.5709167,
              41.3625
            ],
            [
              8.5709167,
              41.3623333
            ],
            [
              8.5751667,
              41.3581667
            ],
            [
              8.5751667,
              41.358
            ],
            [
              8.5794167,
              41.3538333
            ],
            [
              8.5794167,
              41.3536667
            ],
            [
              8.5836667,
              41.3495
            ],
            [
              8.5836667,
              41.3493333
            ],
            [
              8.5879167,
              41.3451667
            ],
            [
              8.5879167,
              41.345
            ],
            [
              8.5921667,
              41.3408333
            ],
            [
              8.5921667,
              41.3406667
            ],
            [
              8.6104167,
              41.3221667
            ],
            [
              8.6159167,
              41.3180833
            ],
            [
              8.6181667,
              41.317
            ],
            [
              8.6193333,
              41.31625
            ],
            [
              8.6205,
              41.31575
            ],
            [
              8.6205833,
              41.3155833
            ],
            [
              8.6228333,
              41.3145
            ],
            [
              8.6229167,
              41.3143333
            ],
            [
              8.6239167,
              41.3139167
            ],
            [
              8.6250833,
              41.3131667
            ],
            [
              8.62625,
              41.3126667
            ],
            [
              8.6274167,
              41.3119167
            ],
            [
              8.6285833,
              41.3114167
            ],
            [
              8.62975,
              41.3106667
            ],
            [
              8.6309167,
              41.3101667
            ],
            [
              8.6320833,
              41.3094167
            ],
            [
              8.63325,
              41.3089167
            ],
            [
              8.6344167,
              41.3081667
            ],
            [
              8.6355833,
              41.3076667
            ],
            [
              8.63675,
              41.3069167
            ],
            [
              8.6379167,
              41.3064167
            ],
            [
              8.6390833,
              41.3056667
            ],
            [
              8.64025,
              41.3051667
            ],
            [
              8.6403333,
              41.305
            ],
            [
              8.6424167,
              41.304
            ],
            [
              8.6425,
              41.3038333
            ],
            [
              8.6436667,
              41.3033333
            ],
            [
              8.6448333,
              41.3025833
            ],
            [
              8.646,
              41.3020833
            ],
            [
              8.6471667,
              41.3013333
            ],
            [
              8.6483333,
              41.3008333
            ],
            [
              8.6495,
              41.3000833
            ],
            [
              8.6506667,
              41.2995833
            ],
            [
              8.6518333,
              41.2988333
            ],
            [
              8.653,
              41.2983333
            ],
            [
              8.6541667,
              41.2975833
            ],
            [
              8.66275,
              41.2930833
            ],
            [
              8.664,
              41.292
            ],
            [
              8.6661667,
              41.2905
            ],
            [
              8.6664167,
              41.2901667
            ],
            [
              8.6685833,
              41.2886667
            ],
            [
              8.6688333,
              41.2883333
            ],
            [
              8.671,
              41.2868333
            ],
            [
              8.67125,
              41.2865
            ],
            [
              8.6734167,
              41.285
            ],
            [
              8.6736667,
              41.2846667
            ],
            [
              8.6758333,
              41.2831667
            ],
            [
              8.6760833,
              41.2828333
            ],
            [
              8.67825,
              41.2813333
            ],
            [
              8.6785,
              41.281
            ],
            [
              8.6834167,
              41.2774167
            ],
            [
              8.6836667,
              41.2770833
            ],
            [
              8.6858333,
              41.2755833
            ],
            [
              8.6860833,
              41.27525
            ],
            [
              8.68825,
              41.27375
            ],
            [
              8.6885,
              41.2734167
            ],
            [
              8.6906667,
              41.2719167
            ],
            [
              8.6909167,
              41.2715833
            ],
            [
              8.6930833,
              41.2700833
            ],
            [
              8.6933333,
              41.26975
            ],
            [
              8.6955,
              41.26825
            ],
            [
              8.6974167,
              41.2666667
            ],
            [
              8.7035833,
              41.2634167
            ],
            [
              8.7036667,
              41.26325
            ],
            [
              8.7,
              41.25975
            ],
            [
              8.6998333,
              41.25975
            ],
            [
              8.69875,
              41.2585833
            ],
            [
              8.6985833,
              41.2585833
            ],
            [
              8.6974167,
              41.2573333
            ],
            [
              8.69725,
              41.2573333
            ],
            [
              8.6961667,
              41.2561667
            ],
            [
              8.696,
              41.2561667
            ],
            [
              8.6949167,
              41.255
            ],
            [
              8.69475,
              41.255
            ],
            [
              8.6936667,
              41.2538333
            ],
            [
              8.6935,
              41.2538333
            ],
            [
              8.6924167,
              41.2526667
            ],
            [
              8.69225,
              41.2526667
            ],
            [
              8.6911667,
              41.2515
            ],
            [
              8.691,
              41.2515
            ],
            [
              8.6899167,
              41.2503333
            ],
            [
              8.68975,
              41.2503333
            ],
            [
              8.6886667,
              41.2491667
            ],
            [
              8.6885,
              41.2491667
            ],
            [
              8.6873333,
              41.2479167
            ],
            [
              8.6871667,
              41.2479167
            ],
            [
              8.6860833,
              41.24675
            ],
            [
              8.6859167,
              41.24675
            ],
            [
              8.6848333,
              41.2455833
            ],
            [
              8.6846667,
              41.2455833
            ],
            [
              8.6835833,
              41.2444167
            ],
            [
              8.6834167,
              41.2444167
            ],
            [
              8.6823333,
              41.24325
            ],
            [
              8.6821667,
              41.24325
            ],
            [
              8.6810833,
              41.2420833
            ],
            [
              8.6809167,
              41.2420833
            ],
            [
              8.6798333,
              41.2409167
            ],
            [
              8.6796667,
              41.2409167
            ],
            [
              8.67725,
              41.2385
            ],
            [
              8.6770833,
              41.2385
            ],
            [
              8.676,
              41.2373333
            ],
            [
              8.6758333,
              41.2373333
            ],
            [
              8.67475,
              41.2361667
            ],
            [
              8.6745833,
              41.2361667
            ],
            [
              8.6735,
              41.235
            ],
            [
              8.6733333,
              41.235
            ],
            [
              8.67225,
              41.2338333
            ],
            [
              8.6720833,
              41.2338333
            ],
            [
              8.671,
              41.2326667
            ],
            [
              8.6708333,
              41.2326667
            ],
            [
              8.66975,
              41.2315
            ],
            [
              8.6695833,
              41.2315
            ],
            [
              8.6671667,
              41.2290833
            ],
            [
              8.667,
              41.2290833
            ],
            [
              8.6659167,
              41.2279167
            ],
            [
              8.66575,
              41.2279167
            ],
            [
              8.6646667,
              41.22675
            ],
            [
              8.6645,
              41.22675
            ],
            [
              8.6634167,
              41.2255833
            ],
            [
              8.66325,
              41.2255833
            ],
            [
              8.6621667,
              41.2244167
            ],
            [
              8.662,
              41.2244167
            ],
            [
              8.6609167,
              41.22325
            ],
            [
              8.66075,
              41.22325
            ],
            [
              8.6583333,
              41.2208333
            ],
            [
              8.6581667,
              41.2208333
            ],
            [
              8.6570833,
              41.2196667
            ],
            [
              8.6569167,
              41.2196667
            ],
            [
              8.6558333,
              41.2185
            ],
            [
              8.6556667,
              41.2185
            ],
            [
              8.6545833,
              41.2173333
            ],
            [
              8.6544167,
              41.2173333
            ],
            [
              8.6533333,
              41.2161667
            ],
            [
              8.6531667,
              41.2161667
            ],
            [
              8.6520833,
              41.215
            ],
            [
              8.6519167,
              41.215
            ],
            [
              8.64825,
              41.2114167
            ],
            [
              8.6480833,
              41.2114167
            ],
            [
              8.64725,
              41.2105
            ],
            [
              8.618,
              41.2050833
            ],
            [
              8.5960833,
              41.2573333
            ],
            [
              8.58825,
              41.2661667
            ],
            [
              8.5775,
              41.29
            ],
            [
              8.5735833,
              41.29425
            ],
            [
              8.5735833,
              41.2944167
            ],
            [
              8.5728333,
              41.2950833
            ],
            [
              8.5721667,
              41.296
            ],
            [
              8.5714167,
              41.2966667
            ],
            [
              8.57075,
              41.2975833
            ],
            [
              8.57,
              41.29825
            ],
            [
              8.5693333,
              41.2991667
            ],
            [
              8.5685833,
              41.2998333
            ],
            [
              8.5679167,
              41.30075
            ],
            [
              8.5671667,
              41.3014167
            ],
            [
              8.5665,
              41.3023333
            ],
            [
              8.56575,
              41.303
            ],
            [
              8.5650833,
              41.3039167
            ],
            [
              8.5643333,
              41.3045833
            ],
            [
              8.5636667,
              41.3055
            ],
            [
              8.5629167,
              41.3061667
            ],
            [
              8.5629167,
              41.3063333
            ],
            [
              8.5621667,
              41.307
            ],
            [
              8.5615,
              41.3079167
            ],
            [
              8.56075,
              41.3085833
            ],
            [
              8.5600833,
              41.3095
            ],
            [
              8.5593333,
              41.3101667
            ],
            [
              8.5586667,
              41.3110833
            ],
            [
              8.5579167,
              41.31175
            ],
            [
              8.55725,
              41.3126667
            ],
            [
              8.5565,
              41.3133333
            ],
            [
              8.5558333,
              41.31425
            ],
            [
              8.5550833,
              41.3149167
            ],
            [
              8.5544167,
              41.3158333
            ],
            [
              8.5536667,
              41.3165
            ],
            [
              8.553,
              41.3174167
            ],
            [
              8.55225,
              41.3180833
            ],
            [
              8.5515833,
              41.319
            ],
            [
              8.5508333,
              41.3196667
            ],
            [
              8.5501667,
              41.3205833
            ],
            [
              8.5494167,
              41.32125
            ],
            [
              8.54875,
              41.3221667
            ],
            [
              8.548,
              41.3228333
            ],
            [
              8.5473333,
              41.32375
            ],
            [
              8.5465833,
              41.3244167
            ],
            [
              8.5459167,
              41.3253333
            ],
            [
              8.5451667,
              41.326
            ],
            [
              8.5445,
              41.3269167
            ],
            [
              8.54375,
              41.3275833
            ],
            [
              8.5430833,
              41.3285
            ],
            [
              8.5423333,
              41.3291667
            ],
            [
              8.5416667,
              41.3300833
            ],
            [
              8.5409167,
              41.33075
            ],
            [
              8.54025,
              41.3316667
            ],
            [
              8.5395,
              41.3323333
            ],
            [
              8.5388333,
              41.33325
            ],
            [
              8.5380833,
              41.3339167
            ],
            [
              8.5374167,
              41.3348333
            ],
            [
              8.5366667,
              41.3355
            ],
            [
              8.536,
              41.3364167
            ],
            [
              8.53525,
              41.3370833
            ],
            [
              8.5345833,
              41.338
            ],
            [
              8.5338333,
              41.3386667
            ],
            [
              8.5331667,
              41.3395833
            ],
            [
              8.5316667,
              41.3410833
            ],
            [
              8.531,
              41.342
            ],
            [
              8.53025,
              41.3426667
            ],
            [
              8.5295833,
              41.3435833
            ],
            [
              8.5288333,
              41.34425
            ],
            [
              8.5281667,
              41.3451667
            ],
            [
              8.5274167,
              41.3458333
            ],
            [
              8.52675,
              41.34675
            ],
            [
              8.526,
              41.3474167
            ],
            [
              8.5253333,
              41.3483333
            ],
            [
              8.5245833,
              41.349
            ],
            [
              8.5239167,
              41.3499167
            ],
            [
              8.5231667,
              41.3505833
            ],
            [
              8.5225,
              41.3515
            ],
            [
              8.52175,
              41.3521667
            ],
            [
              8.5210833,
              41.3530833
            ],
            [
              8.5203333,
              41.35375
            ],
            [
              8.5196667,
              41.3546667
            ],
            [
              8.5189167,
              41.3553333
            ],
            [
              8.51825,
              41.35625
            ],
            [
              8.5175,
              41.3569167
            ],
            [
              8.5175,
              41.3570833
            ],
            [
              8.5166667,
              41.3579167
            ],
            [
              8.5163333,
              41.358
            ],
            [
              8.515,
              41.3589167
            ],
            [
              8.5145,
              41.3590833
            ],
            [
              8.5123333,
              41.3605
            ],
            [
              8.5118333,
              41.3606667
            ],
            [
              8.50925,
              41.3623333
            ],
            [
              8.50875,
              41.3625
            ],
            [
              8.5061667,
              41.3641667
            ],
            [
              8.5056667,
              41.3643333
            ],
            [
              8.5035,
              41.36575
            ],
            [
              8.503,
              41.3659167
            ],
            [
              8.5004167,
              41.3675833
            ],
            [
              8.4999167,
              41.36775
            ],
            [
              8.4973333,
              41.3694167
            ],
            [
              8.4968333,
              41.3695833
            ],
            [
              8.49425,
              41.37125
            ],
            [
              8.49375,
              41.3714167
            ],
            [
              8.4915833,
              41.3728333
            ],
            [
              8.4910833,
              41.373
            ],
            [
              8.4885,
              41.3746667
            ],
            [
              8.488,
              41.3748333
            ],
            [
              8.4854167,
              41.3765
            ],
            [
              8.4849167,
              41.3766667
            ],
            [
              8.48275,
              41.3780833
            ],
            [
              8.48225,
              41.37825
            ],
            [
              8.4796667,
              41.3799167
            ],
            [
              8.4791667,
              41.3800833
            ],
            [
              8.4765833,
              41.38175
            ],
            [
              8.4760833,
              41.3819167
            ],
            [
              8.4735,
              41.3835833
            ],
            [
              8.473,
              41.38375
            ],
            [
              8.4708333,
              41.3851667
            ],
            [
              8.4703333,
              41.3853333
            ],
            [
              8.46775,
              41.387
            ],
            [
              8.46725,
              41.3871667
            ],
            [
              8.4646667,
              41.3888333
            ],
            [
              8.4641667,
              41.389
            ],
            [
              8.462,
              41.3904167
            ],
            [
              8.4615,
              41.3905833
            ],
            [
              8.4589167,
              41.39225
            ],
            [
              8.4584167,
              41.3924167
            ],
            [
              8.4558333,
              41.3940833
            ],
            [
              8.4553333,
              41.39425
            ],
            [
              8.45275,
              41.3959167
            ],
            [
              8.45225,
              41.3960833
            ],
            [
              8.4521667,
              41.39625
            ],
            [
              8.4385,
              41.4043333
            ],
            [
              8.35025,
              41.4251667
            ],
            [
              8.2591667,
              41.4185833
            ],
            [
              8.1746667,
              41.3850833
            ],
            [
              8.1704167,
              41.3825
            ],
            [
              8.1394167,
              41.3718333
            ],
            [
              8.1386667,
              41.3711667
            ],
            [
              8.1376667,
              41.3705833
            ],
            [
              8.1371667,
              41.3700833
            ],
            [
              8.1361667,
              41.3695
            ],
            [
              8.13325,
              41.36725
            ],
            [
              8.13225,
              41.3666667
            ],
            [
              8.13175,
              41.3661667
            ],
            [
              8.13075,
              41.3655833
            ],
            [
              8.13025,
              41.3650833
            ],
            [
              8.12925,
              41.3645
            ],
            [
              8.12875,
              41.364
            ],
            [
              8.12775,
              41.3634167
            ],
            [
              8.12725,
              41.3629167
            ],
            [
              8.12625,
              41.3623333
            ],
            [
              8.12575,
              41.3618333
            ],
            [
              8.12475,
              41.36125
            ],
            [
              8.1218333,
              41.359
            ],
            [
              8.1208333,
              41.3584167
            ],
            [
              8.1203333,
              41.3579167
            ],
            [
              8.1193333,
              41.3573333
            ],
            [
              8.1188333,
              41.3568333
            ],
            [
              8.1178333,
              41.35625
            ],
            [
              8.1173333,
              41.35575
            ],
            [
              8.1163333,
              41.3551667
            ],
            [
              8.1158333,
              41.3546667
            ],
            [
              8.1148333,
              41.3540833
            ],
            [
              8.1143333,
              41.3535833
            ],
            [
              8.1133333,
              41.353
            ],
            [
              8.1128333,
              41.3525
            ],
            [
              8.1118333,
              41.3519167
            ],
            [
              8.1089167,
              41.3496667
            ],
            [
              8.1079167,
              41.3490833
            ],
            [
              8.1074167,
              41.3485833
            ],
            [
              8.1064167,
              41.348
            ],
            [
              8.1059167,
              41.3475
            ],
            [
              8.1049167,
              41.3469167
            ],
            [
              8.1044167,
              41.3464167
            ],
            [
              8.1034167,
              41.3458333
            ],
            [
              8.1029167,
              41.3453333
            ],
            [
              8.1019167,
              41.34475
            ],
            [
              8.1014167,
              41.34425
            ],
            [
              8.1004167,
              41.3436667
            ],
            [
              8.0999167,
              41.3431667
            ],
            [
              8.0989167,
              41.3425833
            ],
            [
              8.0975,
              41.3414167
            ],
            [
              8.0965,
              41.3408333
            ],
            [
              8.096,
              41.3403333
            ],
            [
              8.095,
              41.33975
            ],
            [
              8.0945,
              41.33925
            ],
            [
              8.0935,
              41.3386667
            ],
            [
              8.093,
              41.3381667
            ],
            [
              8.092,
              41.3375833
            ],
            [
              8.0915,
              41.3370833
            ],
            [
              8.0905,
              41.3365
            ],
            [
              8.09,
              41.336
            ],
            [
              8.089,
              41.3354167
            ],
            [
              8.0885,
              41.3349167
            ],
            [
              8.0875,
              41.3343333
            ],
            [
              8.087,
              41.3338333
            ],
            [
              8.086,
              41.33325
            ],
            [
              8.0845833,
              41.3320833
            ],
            [
              8.0835833,
              41.3315
            ],
            [
              8.0830833,
              41.331
            ],
            [
              8.0820833,
              41.3304167
            ],
            [
              8.0815833,
              41.3299167
            ],
            [
              8.0805833,
              41.3293333
            ],
            [
              8.0800833,
              41.3288333
            ],
            [
              8.0790833,
              41.32825
            ],
            [
              8.0785833,
              41.32775
            ],
            [
              8.0775833,
              41.3271667
            ],
            [
              8.0770833,
              41.3266667
            ],
            [
              8.0760833,
              41.3260833
            ],
            [
              8.0755833,
              41.3255833
            ],
            [
              8.0751667,
              41.3254167
            ],
            [
              8.075,
              41.3251667
            ],
            [
              8.0745833,
              41.325
            ],
            [
              8.0740833,
              41.3245
            ],
            [
              8.0736667,
              41.3243333
            ],
            [
              8.0735,
              41.3240833
            ],
            [
              8.0730833,
              41.3239167
            ],
            [
              8.0725833,
              41.3234167
            ],
            [
              8.0721667,
              41.32325
            ],
            [
              8.0716667,
              41.32275
            ],
            [
              8.07125,
              41.3225833
            ],
            [
              8.0710833,
              41.3223333
            ],
            [
              8.0706667,
              41.3221667
            ],
            [
              8.0701667,
              41.3216667
            ],
            [
              8.0683333,
              41.3204167
            ],
            [
              8.0616667,
              41.3115
            ],
            [
              8.06025,
              41.3098333
            ],
            [
              8.05925,
              41.3083333
            ],
            [
              8.0589167,
              41.3080833
            ],
            [
              8.0579167,
              41.3065833
            ],
            [
              8.0565,
              41.3049167
            ],
            [
              8.0555,
              41.3034167
            ],
            [
              8.0551667,
              41.3031667
            ],
            [
              8.0541667,
              41.3016667
            ],
            [
              8.0538333,
              41.3014167
            ],
            [
              8.0528333,
              41.2999167
            ],
            [
              8.0514167,
              41.29825
            ],
            [
              8.0504167,
              41.29675
            ],
            [
              8.0500833,
              41.2965
            ],
            [
              8.0490833,
              41.295
            ],
            [
              8.04875,
              41.29475
            ],
            [
              8.04775,
              41.29325
            ],
            [
              8.0474167,
              41.293
            ],
            [
              8.0453333,
              41.2900833
            ],
            [
              8.045,
              41.2898333
            ],
            [
              8.044,
              41.2883333
            ],
            [
              8.0436667,
              41.2880833
            ],
            [
              8.0426667,
              41.2865833
            ],
            [
              8.0423333,
              41.2863333
            ],
            [
              8.04025,
              41.2834167
            ],
            [
              8.0399167,
              41.2831667
            ],
            [
              8.0389167,
              41.2816667
            ],
            [
              8.0385833,
              41.2814167
            ],
            [
              8.0375833,
              41.2799167
            ],
            [
              8.0361667,
              41.27825
            ],
            [
              8.0351667,
              41.27675
            ],
            [
              8.0348333,
              41.2765
            ],
            [
              8.0338333,
              41.275
            ],
            [
              8.0324167,
              41.2733333
            ],
            [
              8.0314167,
              41.2718333
            ],
            [
              8.0310833,
              41.2715833
            ],
            [
              8.0300833,
              41.2700833
            ],
            [
              8.02975,
              41.2698333
            ],
            [
              8.02875,
              41.2683333
            ],
            [
              8.0284167,
              41.2680833
            ],
            [
              8.0263333,
              41.2651667
            ],
            [
              8.026,
              41.2649167
            ],
            [
              8.025,
              41.2634167
            ],
            [
              8.0246667,
              41.2631667
            ],
            [
              8.0236667,
              41.2616667
            ],
            [
              8.0233333,
              41.2614167
            ],
            [
              8.02125,
              41.2585
            ],
            [
              8.0209167,
              41.25825
            ],
            [
              8.0199167,
              41.25675
            ],
            [
              8.0195833,
              41.2565
            ],
            [
              8.0185833,
              41.255
            ],
            [
              8.01825,
              41.25475
            ],
            [
              8.0175,
              41.2535833
            ],
            [
              8.0171667,
              41.2533333
            ],
            [
              8.0161667,
              41.2518333
            ],
            [
              8.0153333,
              41.2509167
            ],
            [
              8.014,
              41.24725
            ],
            [
              7.9834167,
              41.2143333
            ],
            [
              7.9826667,
              41.2130833
            ],
            [
              7.9824167,
              41.2129167
            ],
            [
              7.9816667,
              41.2116667
            ],
            [
              7.9814167,
              41.2115
            ],
            [
              7.9810833,
              41.2108333
            ],
            [
              7.9808333,
              41.2106667
            ],
            [
              7.9806667,
              41.21025
            ],
            [
              7.9804167,
              41.2100833
            ],
            [
              7.9800833,
              41.2094167
            ],
            [
              7.9798333,
              41.20925
            ],
            [
              7.9795,
              41.2085833
            ],
            [
              7.97925,
              41.2084167
            ],
            [
              7.9790833,
              41.208
            ],
            [
              7.97775,
              41.20625
            ],
            [
              7.9710833,
              41.1928333
            ],
            [
              7.9710833,
              41.1925833
            ],
            [
              7.9668333,
              41.18425
            ],
            [
              7.9668333,
              41.184
            ],
            [
              7.9625,
              41.1755
            ],
            [
              7.9625,
              41.17525
            ],
            [
              7.9581667,
              41.16675
            ],
            [
              7.9581667,
              41.1665
            ],
            [
              7.9538333,
              41.158
            ],
            [
              7.9538333,
              41.15775
            ],
            [
              7.9495833,
              41.1494167
            ],
            [
              7.9495833,
              41.1491667
            ],
            [
              7.94525,
              41.1406667
            ],
            [
              7.94525,
              41.1404167
            ],
            [
              7.9409167,
              41.1319167
            ],
            [
              7.9409167,
              41.1316667
            ],
            [
              7.9371667,
              41.1243333
            ],
            [
              7.93625,
              41.11825
            ],
            [
              7.9335,
              41.1143333
            ],
            [
              7.9333333,
              41.1138333
            ],
            [
              7.9329167,
              41.1133333
            ],
            [
              7.93275,
              41.1128333
            ],
            [
              7.9323333,
              41.1123333
            ],
            [
              7.9318333,
              41.11125
            ],
            [
              7.9314167,
              41.11075
            ],
            [
              7.93125,
              41.11025
            ],
            [
              7.9308333,
              41.10975
            ],
            [
              7.9306667,
              41.10925
            ],
            [
              7.93025,
              41.10875
            ],
            [
              7.92975,
              41.1076667
            ],
            [
              7.9293333,
              41.1071667
            ],
            [
              7.9291667,
              41.1066667
            ],
            [
              7.92875,
              41.1061667
            ],
            [
              7.9285833,
              41.1056667
            ],
            [
              7.9281667,
              41.1051667
            ],
            [
              7.9276667,
              41.1040833
            ],
            [
              7.92725,
              41.1035833
            ],
            [
              7.9270833,
              41.1030833
            ],
            [
              7.9266667,
              41.1025833
            ],
            [
              7.9265,
              41.1020833
            ],
            [
              7.9260833,
              41.1015833
            ],
            [
              7.9255833,
              41.1005
            ],
            [
              7.9254167,
              41.1004167
            ],
            [
              7.9228333,
              41.0959167
            ],
            [
              7.9161667,
              41.078
            ],
            [
              7.9158333,
              41.0774167
            ],
            [
              7.90825,
              41.0570833
            ],
            [
              7.9079167,
              41.0565
            ],
            [
              7.9026667,
              41.0423333
            ],
            [
              7.9023333,
              41.04175
            ],
            [
              7.9015,
              41.03925
            ],
            [
              7.9011667,
              41.0386667
            ],
            [
              7.9003333,
              41.0361667
            ],
            [
              7.9,
              41.0355833
            ],
            [
              7.8994167,
              41.03375
            ],
            [
              7.8990833,
              41.0331667
            ],
            [
              7.89825,
              41.0306667
            ],
            [
              7.8979167,
              41.0300833
            ],
            [
              7.8970833,
              41.0275833
            ],
            [
              7.89675,
              41.027
            ],
            [
              7.8959167,
              41.0245
            ],
            [
              7.8955833,
              41.0239167
            ],
            [
              7.89475,
              41.0214167
            ],
            [
              7.8944167,
              41.0208333
            ],
            [
              7.8935833,
              41.0183333
            ],
            [
              7.89325,
              41.01775
            ],
            [
              7.8924167,
              41.01525
            ],
            [
              7.8880833,
              41.0040833
            ],
            [
              7.8846667,
              40.987
            ],
            [
              7.8809167,
              40.8949167
            ],
            [
              7.8809167,
              40.89325
            ],
            [
              7.88125,
              40.892
            ],
            [
              7.8715,
              40.8745833
            ],
            [
              7.8650833,
              40.8569167
            ],
            [
              7.86325,
              40.85225
            ],
            [
              7.8630833,
              40.8515
            ],
            [
              7.86125,
              40.8468333
            ],
            [
              7.8610833,
              40.8460833
            ],
            [
              7.8606667,
              40.84525
            ],
            [
              7.8605,
              40.8445
            ],
            [
              7.8586667,
              40.8398333
            ],
            [
              7.8585,
              40.8390833
            ],
            [
              7.8580833,
              40.83825
            ],
            [
              7.8579167,
              40.8375
            ],
            [
              7.8560833,
              40.8328333
            ],
            [
              7.8559167,
              40.8320833
            ],
            [
              7.8535,
              40.8258333
            ],
            [
              7.8533333,
              40.8250833
            ],
            [
              7.8509167,
              40.8188333
            ],
            [
              7.85075,
              40.8180833
            ],
            [
              7.8483333,
              40.8118333
            ],
            [
              7.8481667,
              40.8110833
            ],
            [
              7.84375,
              40.7994167
            ],
            [
              7.8435833,
              40.7986667
            ],
            [
              7.8411667,
              40.7924167
            ],
            [
              7.841,
              40.7916667
            ],
            [
              7.83975,
              40.7885833
            ],
            [
              7.8355,
              40.69675
            ],
            [
              7.8456667,
              40.6589167
            ],
            [
              7.8406667,
              40.6256667
            ],
            [
              7.8406667,
              40.6185
            ],
            [
              7.8501667,
              40.5438333
            ],
            [
              7.8570833,
              40.51725
            ],
            [
              7.8665,
              40.4875
            ],
            [
              7.8684167,
              40.4826667
            ],
            [
              7.8720833,
              40.4725833
            ],
            [
              7.89525,
              40.42575
            ],
            [
              7.89525,
              40.4255
            ],
            [
              7.8979167,
              40.4203333
            ],
            [
              7.8983333,
              40.41925
            ],
            [
              7.8986667,
              40.4189167
            ],
            [
              7.89875,
              40.4185833
            ],
            [
              7.8990833,
              40.41825
            ],
            [
              7.8991667,
              40.4179167
            ],
            [
              7.8995,
              40.4175833
            ],
            [
              7.90025,
              40.4161667
            ],
            [
              7.9005833,
              40.4158333
            ],
            [
              7.9006667,
              40.4155
            ],
            [
              7.901,
              40.4151667
            ],
            [
              7.9010833,
              40.4148333
            ],
            [
              7.9014167,
              40.4145
            ],
            [
              7.9021667,
              40.4130833
            ],
            [
              7.9025,
              40.41275
            ],
            [
              7.9025833,
              40.4124167
            ],
            [
              7.9029167,
              40.4120833
            ],
            [
              7.903,
              40.41175
            ],
            [
              7.9033333,
              40.4114167
            ],
            [
              7.9034167,
              40.4110833
            ],
            [
              7.90375,
              40.41075
            ],
            [
              7.9038333,
              40.4104167
            ],
            [
              7.9041667,
              40.4100833
            ],
            [
              7.9045,
              40.4093333
            ],
            [
              7.9048333,
              40.409
            ],
            [
              7.9049167,
              40.4086667
            ],
            [
              7.9073333,
              40.4049167
            ],
            [
              7.9088333,
              40.4033333
            ],
            [
              7.90925,
              40.4026667
            ],
            [
              7.91125,
              40.4005
            ],
            [
              7.9116667,
              40.3998333
            ],
            [
              7.9136667,
              40.3976667
            ],
            [
              7.9140833,
              40.397
            ],
            [
              7.9160833,
              40.3948333
            ],
            [
              7.9165,
              40.3941667
            ],
            [
              7.918,
              40.3925833
            ],
            [
              7.9184167,
              40.3919167
            ],
            [
              7.9204167,
              40.38975
            ],
            [
              7.9208333,
              40.3890833
            ],
            [
              7.9228333,
              40.3869167
            ],
            [
              7.92325,
              40.38625
            ],
            [
              7.92525,
              40.3840833
            ],
            [
              7.9256667,
              40.3834167
            ],
            [
              7.9271667,
              40.3818333
            ],
            [
              7.9275833,
              40.3811667
            ],
            [
              7.9295833,
              40.379
            ],
            [
              7.93,
              40.3783333
            ],
            [
              7.932,
              40.3761667
            ],
            [
              7.9324167,
              40.3755
            ],
            [
              7.9344167,
              40.3733333
            ],
            [
              7.9348333,
              40.3726667
            ],
            [
              7.9368333,
              40.3705
            ],
            [
              7.93725,
              40.3698333
            ],
            [
              7.93875,
              40.36825
            ],
            [
              7.9391667,
              40.3675833
            ],
            [
              7.9411667,
              40.3654167
            ],
            [
              7.9415833,
              40.36475
            ],
            [
              7.9435833,
              40.3625833
            ],
            [
              7.944,
              40.3619167
            ],
            [
              7.946,
              40.35975
            ],
            [
              7.9464167,
              40.3590833
            ],
            [
              7.9479167,
              40.3575
            ],
            [
              7.9483333,
              40.3568333
            ],
            [
              7.9503333,
              40.3546667
            ],
            [
              7.95075,
              40.354
            ],
            [
              7.95275,
              40.3518333
            ],
            [
              7.9531667,
              40.3511667
            ],
            [
              7.9541667,
              40.3501667
            ],
            [
              7.9541667,
              40.35
            ],
            [
              7.9551667,
              40.349
            ],
            [
              7.9555833,
              40.3483333
            ],
            [
              7.9560833,
              40.3479167
            ],
            [
              7.9560833,
              40.34775
            ],
            [
              7.9565833,
              40.3473333
            ],
            [
              7.9565833,
              40.3471667
            ],
            [
              7.9570833,
              40.34675
            ],
            [
              7.9570833,
              40.3465833
            ],
            [
              7.9575833,
              40.3461667
            ],
            [
              7.958,
              40.3455
            ],
            [
              7.9585,
              40.3450833
            ],
            [
              7.9585,
              40.3449167
            ],
            [
              7.959,
              40.3445
            ],
            [
              7.959,
              40.3443333
            ],
            [
              7.9595,
              40.3439167
            ],
            [
              7.9599167,
              40.34325
            ],
            [
              7.9604167,
              40.3428333
            ],
            [
              7.9604167,
              40.3426667
            ],
            [
              7.9609167,
              40.34225
            ],
            [
              7.9609167,
              40.3420833
            ],
            [
              7.9614167,
              40.3416667
            ],
            [
              7.9614167,
              40.3415
            ],
            [
              7.9619167,
              40.3410833
            ],
            [
              7.9619167,
              40.3409167
            ],
            [
              7.9651667,
              40.3371667
            ],
            [
              7.968,
              40.3355
            ],
            [
              7.9713333,
              40.33325
            ],
            [
              7.9723333,
              40.33275
            ],
            [
              7.9765833,
              40.3299167
            ],
            [
              7.9775833,
              40.3294167
            ],
            [
              7.9809167,
              40.3271667
            ],
            [
              7.9819167,
              40.3266667
            ],
            [
              7.9843333,
              40.325
            ],
            [
              7.98625,
              40.3239167
            ],
            [
              7.9868333,
              40.3234167
            ],
            [
              7.9871667,
              40.3233333
            ],
            [
              7.98775,
              40.3228333
            ],
            [
              7.9880833,
              40.32275
            ],
            [
              7.9886667,
              40.32225
            ],
            [
              7.9915,
              40.3205833
            ],
            [
              7.9920833,
              40.3200833
            ],
            [
              7.9924167,
              40.32
            ],
            [
              7.993,
              40.3195
            ],
            [
              7.9958333,
              40.3178333
            ],
            [
              7.9964167,
              40.3173333
            ],
            [
              7.99675,
              40.31725
            ],
            [
              7.9973333,
              40.31675
            ],
            [
              8.0001667,
              40.3150833
            ],
            [
              8.00075,
              40.3145833
            ],
            [
              8.0010833,
              40.3145
            ],
            [
              8.0016667,
              40.314
            ],
            [
              8.0045,
              40.3123333
            ],
            [
              8.0050833,
              40.3118333
            ],
            [
              8.0054167,
              40.31175
            ],
            [
              8.006,
              40.31125
            ],
            [
              8.0063333,
              40.3111667
            ],
            [
              8.0069167,
              40.3106667
            ],
            [
              8.00975,
              40.309
            ],
            [
              8.0103333,
              40.3085
            ],
            [
              8.0106667,
              40.3084167
            ],
            [
              8.01125,
              40.3079167
            ],
            [
              8.0140833,
              40.30625
            ],
            [
              8.0146667,
              40.30575
            ],
            [
              8.015,
              40.3056667
            ],
            [
              8.0155833,
              40.3051667
            ],
            [
              8.0184167,
              40.3035
            ],
            [
              8.019,
              40.303
            ],
            [
              8.0193333,
              40.3029167
            ],
            [
              8.0199167,
              40.3024167
            ],
            [
              8.02025,
              40.3023333
            ],
            [
              8.0208333,
              40.3018333
            ],
            [
              8.0211667,
              40.30175
            ],
            [
              8.02175,
              40.30125
            ],
            [
              8.0236667,
              40.3001667
            ],
            [
              8.02425,
              40.2996667
            ],
            [
              8.0245833,
              40.2995833
            ],
            [
              8.0251667,
              40.2990833
            ],
            [
              8.0255,
              40.299
            ],
            [
              8.0260833,
              40.2985
            ],
            [
              8.028,
              40.2974167
            ],
            [
              8.0285833,
              40.2969167
            ],
            [
              8.0289167,
              40.2968333
            ],
            [
              8.0295,
              40.2963333
            ],
            [
              8.0298333,
              40.29625
            ],
            [
              8.0304167,
              40.29575
            ],
            [
              8.03075,
              40.2956667
            ],
            [
              8.0313333,
              40.2951667
            ],
            [
              8.0323333,
              40.2946667
            ],
            [
              8.0329167,
              40.2941667
            ],
            [
              8.03325,
              40.2940833
            ],
            [
              8.0338333,
              40.2935833
            ],
            [
              8.0341667,
              40.2935
            ],
            [
              8.03475,
              40.293
            ],
            [
              8.0350833,
              40.2929167
            ],
            [
              8.0356667,
              40.2924167
            ],
            [
              8.036,
              40.2923333
            ],
            [
              8.0405833,
              40.2893333
            ],
            [
              8.0998333,
              40.27325
            ],
            [
              8.11175,
              40.2300833
            ],
            [
              8.1318333,
              40.1985833
            ],
            [
              8.0985,
              40.1448333
            ],
            [
              8.0776667,
              40.044
            ],
            [
              8.0773333,
              40.04175
            ],
            [
              8.09275,
              39.9383333
            ],
            [
              8.09625,
              39.9320833
            ],
            [
              8.0959167,
              39.8826667
            ],
            [
              8.0968333,
              39.8754167
            ],
            [
              8.1274167,
              39.776
            ],
            [
              8.1275833,
              39.7759167
            ],
            [
              8.1310833,
              39.7688333
            ],
            [
              8.1479167,
              39.7489167
            ],
            [
              8.1474167,
              39.7453333
            ],
            [
              8.14225,
              39.72175
            ],
            [
              8.14225,
              39.7143333
            ],
            [
              8.1484167,
              39.6848333
            ],
            [
              8.1475,
              39.68475
            ],
            [
              8.1474167,
              39.684
            ],
            [
              8.1494167,
              39.6530833
            ],
            [
              8.14425,
              39.6468333
            ],
            [
              8.1431667,
              39.645
            ],
            [
              8.1366667,
              39.6353333
            ],
            [
              8.09325,
              39.5313333
            ],
            [
              8.0923333,
              39.5270833
            ],
            [
              8.0904167,
              39.4674167
            ],
            [
              8.0790833,
              39.4296667
            ],
            [
              8.0771667,
              39.42825
            ],
            [
              8.0769167,
              39.4279167
            ],
            [
              8.07675,
              39.4279167
            ],
            [
              8.0743333,
              39.4258333
            ],
            [
              8.0741667,
              39.4258333
            ],
            [
              8.07175,
              39.42375
            ],
            [
              8.0715833,
              39.42375
            ],
            [
              8.07125,
              39.4233333
            ],
            [
              8.0694167,
              39.422
            ],
            [
              8.0690833,
              39.4215833
            ],
            [
              8.0668333,
              39.4199167
            ],
            [
              8.0665,
              39.4195
            ],
            [
              8.06425,
              39.4178333
            ],
            [
              8.0618333,
              39.41575
            ],
            [
              8.0616667,
              39.41575
            ],
            [
              8.0609167,
              39.415
            ],
            [
              8.0590833,
              39.4136667
            ],
            [
              8.05875,
              39.41325
            ],
            [
              8.0565,
              39.4115833
            ],
            [
              8.0561667,
              39.4111667
            ],
            [
              8.0539167,
              39.4095
            ],
            [
              8.0535833,
              39.4090833
            ],
            [
              8.0513333,
              39.4074167
            ],
            [
              8.051,
              39.407
            ],
            [
              8.04875,
              39.4053333
            ],
            [
              8.0484167,
              39.4049167
            ],
            [
              8.0461667,
              39.40325
            ],
            [
              8.0458333,
              39.4028333
            ],
            [
              8.0435833,
              39.4011667
            ],
            [
              8.04325,
              39.40075
            ],
            [
              8.041,
              39.3990833
            ],
            [
              8.0406667,
              39.3986667
            ],
            [
              8.0384167,
              39.397
            ],
            [
              8.0359167,
              39.3948333
            ],
            [
              8.0336667,
              39.3931667
            ],
            [
              8.0333333,
              39.39275
            ],
            [
              8.0310833,
              39.3910833
            ],
            [
              8.03075,
              39.3906667
            ],
            [
              8.0285,
              39.389
            ],
            [
              8.0281667,
              39.3885833
            ],
            [
              8.0259167,
              39.3869167
            ],
            [
              8.0255833,
              39.3865
            ],
            [
              8.0233333,
              39.3848333
            ],
            [
              8.023,
              39.3844167
            ],
            [
              8.02075,
              39.38275
            ],
            [
              8.0204167,
              39.3823333
            ],
            [
              8.0181667,
              39.3806667
            ],
            [
              8.0178333,
              39.38025
            ],
            [
              8.0155833,
              39.3785833
            ],
            [
              8.01525,
              39.3781667
            ],
            [
              8.013,
              39.3765
            ],
            [
              8.0126667,
              39.3760833
            ],
            [
              8.0104167,
              39.3744167
            ],
            [
              8.0100833,
              39.374
            ],
            [
              8.0078333,
              39.3723333
            ],
            [
              8.0053333,
              39.3701667
            ],
            [
              8.0030833,
              39.3685
            ],
            [
              8.00275,
              39.3680833
            ],
            [
              8.0013333,
              39.3670833
            ],
            [
              7.9983333,
              39.3615833
            ],
            [
              7.9965,
              39.3585833
            ],
            [
              7.99625,
              39.3579167
            ],
            [
              7.9944167,
              39.3549167
            ],
            [
              7.9941667,
              39.35425
            ],
            [
              7.9926667,
              39.3518333
            ],
            [
              7.9924167,
              39.3511667
            ],
            [
              7.9905833,
              39.3481667
            ],
            [
              7.989,
              39.3451667
            ],
            [
              7.9888333,
              39.3450833
            ],
            [
              7.9885833,
              39.3444167
            ],
            [
              7.98675,
              39.3414167
            ],
            [
              7.9851667,
              39.3384167
            ],
            [
              7.985,
              39.3383333
            ],
            [
              7.98475,
              39.3376667
            ],
            [
              7.9845833,
              39.3375833
            ],
            [
              7.9826667,
              39.334
            ],
            [
              7.9811667,
              39.3315833
            ],
            [
              7.9809167,
              39.3309167
            ],
            [
              7.9790833,
              39.3279167
            ],
            [
              7.9775,
              39.3249167
            ],
            [
              7.9773333,
              39.3248333
            ],
            [
              7.9770833,
              39.3241667
            ],
            [
              7.97525,
              39.3211667
            ],
            [
              7.9736667,
              39.3181667
            ],
            [
              7.9735,
              39.3180833
            ],
            [
              7.97325,
              39.3174167
            ],
            [
              7.9714167,
              39.3144167
            ],
            [
              7.9711667,
              39.31375
            ],
            [
              7.9693333,
              39.31075
            ],
            [
              7.96775,
              39.30775
            ],
            [
              7.9675833,
              39.3076667
            ],
            [
              7.9673333,
              39.307
            ],
            [
              7.9655,
              39.304
            ],
            [
              7.9639167,
              39.301
            ],
            [
              7.96375,
              39.3009167
            ],
            [
              7.9635,
              39.30025
            ],
            [
              7.9633333,
              39.3001667
            ],
            [
              7.9614167,
              39.2965833
            ],
            [
              7.9599167,
              39.2941667
            ],
            [
              7.9596667,
              39.2935
            ],
            [
              7.9595,
              39.2934167
            ],
            [
              7.9575833,
              39.2898333
            ],
            [
              7.9560833,
              39.2874167
            ],
            [
              7.9558333,
              39.28675
            ],
            [
              7.954,
              39.28375
            ],
            [
              7.9524167,
              39.28075
            ],
            [
              7.95225,
              39.2806667
            ],
            [
              7.952,
              39.28
            ],
            [
              7.9518333,
              39.2799167
            ],
            [
              7.9499167,
              39.2763333
            ],
            [
              7.9480833,
              39.2733333
            ],
            [
              7.9478333,
              39.2726667
            ],
            [
              7.9463333,
              39.27025
            ],
            [
              7.94575,
              39.2689167
            ],
            [
              7.9446667,
              39.2654167
            ],
            [
              7.9445,
              39.26525
            ],
            [
              7.9434167,
              39.26175
            ],
            [
              7.94325,
              39.2615833
            ],
            [
              7.94225,
              39.2583333
            ],
            [
              7.9406667,
              39.254
            ],
            [
              7.9248333,
              39.1675833
            ],
            [
              7.9249167,
              39.1655833
            ],
            [
              7.9348333,
              39.0793333
            ],
            [
              7.96925,
              39
            ],
            [
              9,
              39
            ],
            [
              9,
              42
            ],
            [
              8.2901667,
              42
            ]
          ]
        ],
        "type": "Polygon"
      },
      "id": 6,
      "properties": {
        "end_datetime": "2021-12-31T23:59:59Z",
        "grid_code": "ESAWORLDCOVER-N39E006",
        "id": 6,
        "product_version": "2.0.0",
        "source_item_id": "ESA_WorldCover_10m_2021_v200_N39E006",
        "start_datetime": "2021-01-01T00:00:00Z"
      },
      "type": "Feature"
    },
    {
      "geometry": {
        "coordinates": [
          [
            [
              9,
              39
            ],
            [
              9.8248333,
              39.0000833
            ],
            [
              12,
              41.5573333
            ],
            [
              12,
              42
            ],
            [
              9,
              42
            ],
            [
              9,
              39
            ]
          ]
        ],
        "type": "Polygon"
      },
      "id": 7,
      "properties": {
        "end_datetime": "2021-12-31T23:59:59Z",
        "grid_code": "ESAWORLDCOVER-N39E009",
        "id": 7,
        "product_version": "2.0.0",
        "source_item_id": "ESA_WorldCover_10m_2021_v200_N39E009",
        "start_datetime": "2021-01-01T00:00:00Z"
      },
      "type": "Feature"
    },
    {
      "geometry": {
        "coordinates": [
          [
            [
              13.0728333,
              39
            ],
            [
              15,
              39
            ],
            [
              15,
              42
            ],
            [
              12,
              42
            ],
            [
              12,
              41.55725
            ],
            [
              13.0728333,
              39
            ]
          ]
        ],
        "type": "Polygon"
      },
      "id": 8,
      "properties": {
        "end_datetime": "2021-12-31T23:59:59Z",
        "grid_code": "ESAWORLDCOVER-N39E012",
        "id": 8,
        "product_version": "2.0.0",
        "source_item_id": "ESA_WorldCover_10m_2021_v200_N39E012",
        "start_datetime": "2021-01-01T00:00:00Z"
      },
      "type": "Feature"
    },
    {
      "geometry": {
        "coordinates": [
          [
            [
              15,
              39
            ],
            [
              17.5036667,
              39
            ],
            [
              18,
              39.6105
            ],
            [
              18,
              40.971
            ],
            [
              16.458,
              42
            ],
            [
              15,
              42
            ],
            [
              15,
              39
            ]
          ]
        ],
        "type": "Polygon"
      },
      "id": 9,
      "properties": {
        "end_datetime": "2021-12-31T23:59:59Z",
        "grid_code": "ESAWORLDCOVER-N39E015",
        "id": 9,
        "product_version": "2.0.0",
        "source_item_id": "ESA_WorldCover_10m_2021_v200_N39E015",
        "start_datetime": "2021-01-01T00:00:00Z"
      },
      "type": "Feature"
    },
    {
      "geometry": {
        "coordinates": [
          [
            [
              19.9239167,
              39
            ],
            [
              21,
              39
            ],
            [
              21,
              42
            ],
            [
              18.6575833,
              42
            ],
            [
              18,
              40.9709167
            ],
            [
              18,
              39.6104167
            ],
            [
              18.0618333,
              39.57775
            ],
            [
              18.07575,
              39.5716667
            ],
            [
              18.2644167,
              39.5093333
            ],
            [
              19.9239167,
              39
            ]
          ]
        ],
        "type": "Polygon"
      },
      "id": 10,
      "properties": {
        "end_datetime": "2021-12-31T23:59:59Z",
        "grid_code": "ESAWORLDCOVER-N39E018",
        "id": 10,
        "product_version": "2.0.0",
        "source_item_id": "ESA_WorldCover_10m_2021_v200_N39E018",
        "start_datetime": "2021-01-01T00:00:00Z"
      },
      "type": "Feature"
    },
    {
      "geometry": {
        "coordinates": [
          [
            [
              8.2901667,
              42
            ],
            [
              9,
              42
            ],
            [
              9,
              45
            ],
            [
              6,
              45
            ],
            [
              6,
              42.7499167
            ],
            [
              6.0555833,
              42.72075
            ],
            [
              6.0810833,
              42.71075
            ],
            [
              8.2901667,
              42
            ]
          ]
        ],
        "type": "Polygon"
      },
      "id": 11,
      "properties": {
        "end_datetime": "2021-12-31T23:59:59Z",
        "grid_code": "ESAWORLDCOVER-N42E006",
        "id": 11,
        "product_version": "2.0.0",
        "source_item_id": "ESA_WorldCover_10m_2021_v200_N42E006",
        "start_datetime": "2021-01-01T00:00:00Z"
      },
      "type": "Feature"
    },
    {
      "geometry": {
        "coordinates": [
          [
            [
              9,
              45
            ],
            [
              9,
              44.0669167
            ],
            [
              9.0001667,
              44.0669167
            ],
            [
              9.0006667,
              44.0664167
            ],
            [
              9.0028333,
              44.0653333
            ],
            [
              9.0035,
              44.0648333
            ],
            [
              9.0079167,
              44.0625
            ],
            [
              9.0085833,
              44.062
            ],
            [
              9.01225,
              44.0600833
            ],
            [
              9.0123333,
              44.0599167
            ],
            [
              9.0173333,
              44.05725
            ],
            [
              9.0189167,
              44.05625
            ],
            [
              9.0830833,
              44.0296667
            ],
            [
              9.08375,
              44.0295833
            ],
            [
              9.1285833,
              44.01675
            ],
            [
              9.2224167,
              44.0055833
            ],
            [
              9.2231667,
              44.0055833
            ],
            [
              9.2386667,
              44.00875
            ],
            [
              9.2814167,
              43.98725
            ],
            [
              9.3059167,
              43.9695
            ],
            [
              9.36725,
              43.9520833
            ],
            [
              9.36975,
              43.95075
            ],
            [
              9.3723333,
              43.94975
            ],
            [
              9.3728333,
              43.9494167
            ],
            [
              9.3748333,
              43.9486667
            ],
            [
              9.3753333,
              43.9483333
            ],
            [
              9.3773333,
              43.9475833
            ],
            [
              9.3778333,
              43.94725
            ],
            [
              9.3804167,
              43.94625
            ],
            [
              9.3809167,
              43.9459167
            ],
            [
              9.3829167,
              43.9451667
            ],
            [
              9.3834167,
              43.9448333
            ],
            [
              9.386,
              43.9438333
            ],
            [
              9.3865,
              43.9435
            ],
            [
              9.4111667,
              43.9329167
            ],
            [
              9.4276667,
              43.9189167
            ],
            [
              9.5175,
              43.8666667
            ],
            [
              9.52725,
              43.8630833
            ],
            [
              9.5756667,
              43.84975
            ],
            [
              9.5768333,
              43.8488333
            ],
            [
              9.5915,
              43.8391667
            ],
            [
              9.5916667,
              43.8389167
            ],
            [
              9.6051667,
              43.8299167
            ],
            [
              9.60575,
              43.82975
            ],
            [
              9.60975,
              43.8276667
            ],
            [
              9.61,
              43.8276667
            ],
            [
              9.614,
              43.8255833
            ],
            [
              9.61425,
              43.8255833
            ],
            [
              9.61825,
              43.8235
            ],
            [
              9.6185,
              43.8235
            ],
            [
              9.6225,
              43.8214167
            ],
            [
              9.62275,
              43.8214167
            ],
            [
              9.62675,
              43.8193333
            ],
            [
              9.627,
              43.8193333
            ],
            [
              9.631,
              43.81725
            ],
            [
              9.63125,
              43.81725
            ],
            [
              9.63525,
              43.8151667
            ],
            [
              9.6355,
              43.8151667
            ],
            [
              9.6395,
              43.8130833
            ],
            [
              9.63975,
              43.8130833
            ],
            [
              9.64375,
              43.811
            ],
            [
              9.644,
              43.811
            ],
            [
              9.6565,
              43.8048333
            ],
            [
              9.6996667,
              43.7731667
            ],
            [
              9.79925,
              43.7440833
            ],
            [
              9.809,
              43.743
            ],
            [
              9.8100833,
              43.743
            ],
            [
              9.83975,
              43.7449167
            ],
            [
              9.8338333,
              43.74275
            ],
            [
              9.8325,
              43.742
            ],
            [
              9.83225,
              43.742
            ],
            [
              9.8310833,
              43.7413333
            ],
            [
              9.8308333,
              43.7413333
            ],
            [
              9.8295,
              43.7405833
            ],
            [
              9.82925,
              43.7405833
            ],
            [
              9.8279167,
              43.7398333
            ],
            [
              9.8276667,
              43.7398333
            ],
            [
              9.8263333,
              43.7390833
            ],
            [
              9.8260833,
              43.7390833
            ],
            [
              9.8249167,
              43.7384167
            ],
            [
              9.8246667,
              43.7384167
            ],
            [
              9.8233333,
              43.7376667
            ],
            [
              9.8230833,
              43.7376667
            ],
            [
              9.82175,
              43.7369167
            ],
            [
              9.8215,
              43.7369167
            ],
            [
              9.8201667,
              43.7361667
            ],
            [
              9.8199167,
              43.7361667
            ],
            [
              9.8073333,
              43.7301667
            ],
            [
              9.78475,
              43.7165
            ],
            [
              9.7825833,
              43.7153333
            ],
            [
              9.7824167,
              43.7150833
            ],
            [
              9.782,
              43.7149167
            ],
            [
              9.7798333,
              43.7131667
            ],
            [
              9.7794167,
              43.713
            ],
            [
              9.77725,
              43.71125
            ],
            [
              9.7768333,
              43.7110833
            ],
            [
              9.7746667,
              43.7093333
            ],
            [
              9.77425,
              43.7091667
            ],
            [
              9.7724167,
              43.7076667
            ],
            [
              9.772,
              43.7075
            ],
            [
              9.7698333,
              43.70575
            ],
            [
              9.7694167,
              43.7055833
            ],
            [
              9.76725,
              43.7038333
            ],
            [
              9.7668333,
              43.7036667
            ],
            [
              9.765,
              43.7021667
            ],
            [
              9.7645833,
              43.702
            ],
            [
              9.7624167,
              43.70025
            ],
            [
              9.762,
              43.7000833
            ],
            [
              9.7611667,
              43.6993333
            ],
            [
              9.7586667,
              43.6975833
            ],
            [
              9.757,
              43.6959167
            ],
            [
              9.7568333,
              43.6959167
            ],
            [
              9.7561667,
              43.6951667
            ],
            [
              9.756,
              43.6951667
            ],
            [
              9.75525,
              43.6943333
            ],
            [
              9.7550833,
              43.6943333
            ],
            [
              9.7535,
              43.69275
            ],
            [
              9.7533333,
              43.69275
            ],
            [
              9.7525833,
              43.6919167
            ],
            [
              9.7524167,
              43.6919167
            ],
            [
              9.7508333,
              43.6903333
            ],
            [
              9.7506667,
              43.6903333
            ],
            [
              9.7499167,
              43.6895
            ],
            [
              9.74975,
              43.6895
            ],
            [
              9.7481667,
              43.6879167
            ],
            [
              9.748,
              43.6879167
            ],
            [
              9.74725,
              43.6870833
            ],
            [
              9.7470833,
              43.6870833
            ],
            [
              9.7463333,
              43.68625
            ],
            [
              9.7461667,
              43.68625
            ],
            [
              9.7455,
              43.6855
            ],
            [
              9.7453333,
              43.6855
            ],
            [
              9.7401667,
              43.6806667
            ],
            [
              9.74,
              43.6806667
            ],
            [
              9.7374167,
              43.6781667
            ],
            [
              9.73725,
              43.6781667
            ],
            [
              9.736,
              43.6768333
            ],
            [
              9.736,
              43.6766667
            ],
            [
              9.7351667,
              43.6759167
            ],
            [
              9.7351667,
              43.67575
            ],
            [
              9.7343333,
              43.675
            ],
            [
              9.7343333,
              43.6748333
            ],
            [
              9.7335833,
              43.6741667
            ],
            [
              9.7335833,
              43.674
            ],
            [
              9.73275,
              43.67325
            ],
            [
              9.73275,
              43.6730833
            ],
            [
              9.7319167,
              43.6723333
            ],
            [
              9.7319167,
              43.6721667
            ],
            [
              9.7310833,
              43.6714167
            ],
            [
              9.7310833,
              43.67125
            ],
            [
              9.7303333,
              43.6705833
            ],
            [
              9.7303333,
              43.6704167
            ],
            [
              9.7295,
              43.6696667
            ],
            [
              9.7295,
              43.6695
            ],
            [
              9.7286667,
              43.66875
            ],
            [
              9.7286667,
              43.6685833
            ],
            [
              9.7279167,
              43.6679167
            ],
            [
              9.7279167,
              43.66775
            ],
            [
              9.7270833,
              43.667
            ],
            [
              9.7270833,
              43.6668333
            ],
            [
              9.72625,
              43.6660833
            ],
            [
              9.72625,
              43.6659167
            ],
            [
              9.7255,
              43.66525
            ],
            [
              9.7255,
              43.6650833
            ],
            [
              9.7230833,
              43.6625833
            ],
            [
              9.7230833,
              43.6624167
            ],
            [
              9.72225,
              43.6616667
            ],
            [
              9.72225,
              43.6615
            ],
            [
              9.7214167,
              43.66075
            ],
            [
              9.7214167,
              43.6605833
            ],
            [
              9.7206667,
              43.6599167
            ],
            [
              9.7206667,
              43.65975
            ],
            [
              9.719,
              43.6580833
            ],
            [
              9.719,
              43.6579167
            ],
            [
              9.71825,
              43.65725
            ],
            [
              9.71825,
              43.6570833
            ],
            [
              9.7174167,
              43.6563333
            ],
            [
              9.7149167,
              43.6528333
            ],
            [
              9.7144167,
              43.6523333
            ],
            [
              9.71425,
              43.6519167
            ],
            [
              9.7125,
              43.64975
            ],
            [
              9.7123333,
              43.6493333
            ],
            [
              9.7105833,
              43.6471667
            ],
            [
              9.7104167,
              43.64675
            ],
            [
              9.7089167,
              43.6449167
            ],
            [
              9.70875,
              43.6445
            ],
            [
              9.707,
              43.6423333
            ],
            [
              9.7068333,
              43.6419167
            ],
            [
              9.7050833,
              43.63975
            ],
            [
              9.7049167,
              43.6393333
            ],
            [
              9.7034167,
              43.6375
            ],
            [
              9.70325,
              43.6370833
            ],
            [
              9.7015,
              43.6349167
            ],
            [
              9.7013333,
              43.6345
            ],
            [
              9.6998333,
              43.6326667
            ],
            [
              9.6894167,
              43.6153333
            ],
            [
              9.68925,
              43.6148333
            ],
            [
              9.6845833,
              43.60725
            ],
            [
              9.6836667,
              43.6050833
            ],
            [
              9.6829167,
              43.60375
            ],
            [
              9.6829167,
              43.6035
            ],
            [
              9.68225,
              43.6023333
            ],
            [
              9.68225,
              43.6020833
            ],
            [
              9.6815,
              43.60075
            ],
            [
              9.6815,
              43.6005
            ],
            [
              9.68075,
              43.5991667
            ],
            [
              9.68075,
              43.5989167
            ],
            [
              9.68,
              43.5975833
            ],
            [
              9.68,
              43.5973333
            ],
            [
              9.6793333,
              43.5961667
            ],
            [
              9.6793333,
              43.5959167
            ],
            [
              9.6764167,
              43.59
            ],
            [
              9.6764167,
              43.58975
            ],
            [
              9.6735,
              43.5838333
            ],
            [
              9.6735,
              43.5835833
            ],
            [
              9.672,
              43.5806667
            ],
            [
              9.6624167,
              43.5535833
            ],
            [
              9.66225,
              43.5534167
            ],
            [
              9.6605833,
              43.547
            ],
            [
              9.6549167,
              43.5243333
            ],
            [
              9.6505833,
              43.495
            ],
            [
              9.6491667,
              43.4654167
            ],
            [
              9.6505833,
              43.4365833
            ],
            [
              9.6524167,
              43.4244167
            ],
            [
              9.6491667,
              43.4030833
            ],
            [
              9.64775,
              43.37275
            ],
            [
              9.6491667,
              43.3440833
            ],
            [
              9.6528333,
              43.3199167
            ],
            [
              9.6528333,
              43.3195833
            ],
            [
              9.6526667,
              43.3194167
            ],
            [
              9.6520833,
              43.3191667
            ],
            [
              9.6503333,
              43.3179167
            ],
            [
              9.65,
              43.3178333
            ],
            [
              9.6473333,
              43.316
            ],
            [
              9.647,
              43.3159167
            ],
            [
              9.6404167,
              43.3115833
            ],
            [
              9.6400833,
              43.3115
            ],
            [
              9.6374167,
              43.3096667
            ],
            [
              9.6370833,
              43.3095833
            ],
            [
              9.6344167,
              43.30775
            ],
            [
              9.6340833,
              43.3076667
            ],
            [
              9.6314167,
              43.3058333
            ],
            [
              9.6310833,
              43.30575
            ],
            [
              9.6305,
              43.30525
            ],
            [
              9.6301667,
              43.3051667
            ],
            [
              9.6275,
              43.3033333
            ],
            [
              9.6271667,
              43.30325
            ],
            [
              9.6245,
              43.3014167
            ],
            [
              9.6241667,
              43.3013333
            ],
            [
              9.6215,
              43.2995
            ],
            [
              9.6211667,
              43.2994167
            ],
            [
              9.6185,
              43.2975833
            ],
            [
              9.6181667,
              43.2975
            ],
            [
              9.6175833,
              43.297
            ],
            [
              9.61725,
              43.2969167
            ],
            [
              9.6145833,
              43.2950833
            ],
            [
              9.61425,
              43.295
            ],
            [
              9.6136667,
              43.2945
            ],
            [
              9.6133333,
              43.2944167
            ],
            [
              9.6115833,
              43.2931667
            ],
            [
              9.61125,
              43.2930833
            ],
            [
              9.6106667,
              43.2925833
            ],
            [
              9.608,
              43.291
            ],
            [
              9.58725,
              43.26575
            ],
            [
              9.5845,
              43.26775
            ],
            [
              9.5838333,
              43.2684167
            ],
            [
              9.5833333,
              43.2686667
            ],
            [
              9.5826667,
              43.2693333
            ],
            [
              9.5821667,
              43.2695833
            ],
            [
              9.5795833,
              43.27175
            ],
            [
              9.57675,
              43.2738333
            ],
            [
              9.5765,
              43.2741667
            ],
            [
              9.57525,
              43.275
            ],
            [
              9.5734167,
              43.2765833
            ],
            [
              9.5725833,
              43.2770833
            ],
            [
              9.5391667,
              43.2905833
            ],
            [
              9.5343333,
              43.2926667
            ],
            [
              9.5324167,
              43.2933333
            ],
            [
              9.5320833,
              43.2935833
            ],
            [
              9.4990833,
              43.3069167
            ],
            [
              9.49875,
              43.3071667
            ],
            [
              9.4968333,
              43.3078333
            ],
            [
              9.4960833,
              43.30825
            ],
            [
              9.414,
              43.31725
            ],
            [
              9.4120833,
              43.3170833
            ],
            [
              9.3803333,
              43.3115833
            ],
            [
              9.3625,
              43.3115833
            ],
            [
              9.3614167,
              43.3114167
            ],
            [
              9.2339167,
              43.2823333
            ],
            [
              9.2199167,
              43.2755833
            ],
            [
              9.2196667,
              43.2755833
            ],
            [
              9.218,
              43.2746667
            ],
            [
              9.21775,
              43.2746667
            ],
            [
              9.1253333,
              43.20625
            ],
            [
              9.1234167,
              43.2029167
            ],
            [
              9.1224167,
              43.2015
            ],
            [
              9.1193333,
              43.19625
            ],
            [
              9.1183333,
              43.1948333
            ],
            [
              9.11775,
              43.1936667
            ],
            [
              9.11675,
              43.19225
            ],
            [
              9.1136667,
              43.187
            ],
            [
              9.1126667,
              43.1855833
            ],
            [
              9.1095833,
              43.1803333
            ],
            [
              9.1085833,
              43.1789167
            ],
            [
              9.108,
              43.17775
            ],
            [
              9.107,
              43.1763333
            ],
            [
              9.1039167,
              43.1710833
            ],
            [
              9.1029167,
              43.1696667
            ],
            [
              9.0998333,
              43.1644167
            ],
            [
              9.0988333,
              43.163
            ],
            [
              9.09825,
              43.1618333
            ],
            [
              9.09725,
              43.1604167
            ],
            [
              9.0941667,
              43.1551667
            ],
            [
              9.0931667,
              43.15375
            ],
            [
              9.0925833,
              43.1525833
            ],
            [
              9.0915833,
              43.1511667
            ],
            [
              9.091,
              43.15
            ],
            [
              9.0906667,
              43.1496667
            ],
            [
              9.0885,
              43.1459167
            ],
            [
              9.0881667,
              43.1455833
            ],
            [
              9.0869167,
              43.1433333
            ],
            [
              9.0865833,
              43.143
            ],
            [
              9.0844167,
              43.13925
            ],
            [
              9.0840833,
              43.1389167
            ],
            [
              9.0828333,
              43.1366667
            ],
            [
              9.0825,
              43.1363333
            ],
            [
              9.08125,
              43.1340833
            ],
            [
              9.0809167,
              43.13375
            ],
            [
              9.07875,
              43.13
            ],
            [
              9.0784167,
              43.1296667
            ],
            [
              9.0771667,
              43.1274167
            ],
            [
              9.0768333,
              43.1270833
            ],
            [
              9.0746667,
              43.1233333
            ],
            [
              9.0743333,
              43.123
            ],
            [
              9.0730833,
              43.12075
            ],
            [
              9.07275,
              43.1204167
            ],
            [
              9.0715,
              43.1181667
            ],
            [
              9.0711667,
              43.1178333
            ],
            [
              9.0699167,
              43.1155833
            ],
            [
              9.0695833,
              43.11525
            ],
            [
              9.069,
              43.1140833
            ],
            [
              9.0686667,
              43.11375
            ],
            [
              9.0683333,
              43.113
            ],
            [
              9.068,
              43.1126667
            ],
            [
              9.0674167,
              43.1115
            ],
            [
              9.0656667,
              43.1088333
            ],
            [
              9.06075,
              43.0956667
            ],
            [
              9.0506667,
              43.0198333
            ],
            [
              9,
              43.003
            ],
            [
              9,
              42
            ],
            [
              9.8253333,
              42
            ],
            [
              9.8415833,
              42.0318333
            ],
            [
              9.84375,
              42.0395
            ],
            [
              9.8530833,
              42.08725
            ],
            [
              9.855,
              42.10425
            ],
            [
              9.855,
              42.1048333
            ],
            [
              9.8531667,
              42.105
            ],
            [
              9.8531667,
              42.1051667
            ],
            [
              9.8595833,
              42.1445833
            ],
            [
              9.8536667,
              42.18425
            ],
            [
              9.8536667,
              42.186
            ],
            [
              9.8590833,
              42.27725
            ],
            [
              9.8531667,
              42.3565
            ],
            [
              9.8521667,
              42.3611667
            ],
            [
              9.8758333,
              42.3378333
            ],
            [
              9.884,
              42.332
            ],
            [
              9.8991667,
              42.325
            ],
            [
              9.8994167,
              42.325
            ],
            [
              9.9056667,
              42.322
            ],
            [
              9.9068333,
              42.3215833
            ],
            [
              9.912,
              42.3190833
            ],
            [
              9.9131667,
              42.3186667
            ],
            [
              9.9194167,
              42.3156667
            ],
            [
              9.9205833,
              42.31525
            ],
            [
              9.92575,
              42.31275
            ],
            [
              9.9269167,
              42.3123333
            ],
            [
              9.9320833,
              42.3098333
            ],
            [
              9.93325,
              42.3094167
            ],
            [
              9.9395,
              42.3064167
            ],
            [
              9.9406667,
              42.306
            ],
            [
              9.9458333,
              42.3035
            ],
            [
              9.947,
              42.3030833
            ],
            [
              9.9521667,
              42.3005833
            ],
            [
              9.9533333,
              42.3001667
            ],
            [
              9.9595833,
              42.2971667
            ],
            [
              9.96075,
              42.29675
            ],
            [
              9.9659167,
              42.29425
            ],
            [
              9.9670833,
              42.2938333
            ],
            [
              9.9733333,
              42.2908333
            ],
            [
              9.9745,
              42.2904167
            ],
            [
              9.9796667,
              42.2879167
            ],
            [
              9.9808333,
              42.2875
            ],
            [
              9.986,
              42.285
            ],
            [
              9.9901667,
              42.2838333
            ],
            [
              9.9983333,
              42.2819167
            ],
            [
              10.0243333,
              42.1974167
            ],
            [
              10.0755,
              42.1229167
            ],
            [
              10.0784167,
              42.12075
            ],
            [
              10.0795,
              42.11975
            ],
            [
              10.08,
              42.1195
            ],
            [
              10.0806667,
              42.1188333
            ],
            [
              10.0811667,
              42.1185833
            ],
            [
              10.08225,
              42.1175833
            ],
            [
              10.08275,
              42.1173333
            ],
            [
              10.0838333,
              42.1163333
            ],
            [
              10.0843333,
              42.1160833
            ],
            [
              10.087,
              42.1138333
            ],
            [
              10.0886667,
              42.1126667
            ],
            [
              10.08975,
              42.1116667
            ],
            [
              10.09025,
              42.1114167
            ],
            [
              10.0913333,
              42.1104167
            ],
            [
              10.0918333,
              42.1101667
            ],
            [
              10.0929167,
              42.1091667
            ],
            [
              10.0961667,
              42.10675
            ],
            [
              10.09725,
              42.10575
            ],
            [
              10.09775,
              42.1055
            ],
            [
              10.0988333,
              42.1045
            ],
            [
              10.0993333,
              42.10425
            ],
            [
              10.1004167,
              42.10325
            ],
            [
              10.1036667,
              42.1008333
            ],
            [
              10.10475,
              42.0998333
            ],
            [
              10.10525,
              42.0995833
            ],
            [
              10.1063333,
              42.0985833
            ],
            [
              10.1095833,
              42.0961667
            ],
            [
              10.1106667,
              42.0951667
            ],
            [
              10.1111667,
              42.0949167
            ],
            [
              10.11225,
              42.0939167
            ],
            [
              10.11275,
              42.0936667
            ],
            [
              10.1138333,
              42.0926667
            ],
            [
              10.1170833,
              42.09025
            ],
            [
              10.1181667,
              42.08925
            ],
            [
              10.1186667,
              42.089
            ],
            [
              10.11975,
              42.088
            ],
            [
              10.12025,
              42.08775
            ],
            [
              10.1213333,
              42.08675
            ],
            [
              10.1218333,
              42.0865
            ],
            [
              10.1229167,
              42.0855
            ],
            [
              10.1245833,
              42.0843333
            ],
            [
              10.1256667,
              42.0833333
            ],
            [
              10.1261667,
              42.0830833
            ],
            [
              10.12725,
              42.0820833
            ],
            [
              10.12775,
              42.0818333
            ],
            [
              10.1288333,
              42.0808333
            ],
            [
              10.1293333,
              42.0805833
            ],
            [
              10.1304167,
              42.0795833
            ],
            [
              10.1320833,
              42.0784167
            ],
            [
              10.1331667,
              42.0774167
            ],
            [
              10.1336667,
              42.0771667
            ],
            [
              10.13475,
              42.0761667
            ],
            [
              10.13525,
              42.0759167
            ],
            [
              10.1355,
              42.0755833
            ],
            [
              10.138,
              42.07375
            ],
            [
              10.13825,
              42.0734167
            ],
            [
              10.1395833,
              42.0725
            ],
            [
              10.1398333,
              42.0721667
            ],
            [
              10.1411667,
              42.07125
            ],
            [
              10.1414167,
              42.0709167
            ],
            [
              10.14275,
              42.07
            ],
            [
              10.1460833,
              42.06725
            ],
            [
              10.2303333,
              42.0349167
            ],
            [
              10.249,
              42.0308333
            ],
            [
              10.3464167,
              42.02575
            ],
            [
              10.4401667,
              42.0520833
            ],
            [
              10.4408333,
              42.0526667
            ],
            [
              10.4425,
              42.0536667
            ],
            [
              10.44425,
              42.055
            ],
            [
              10.4459167,
              42.056
            ],
            [
              10.4460833,
              42.05625
            ],
            [
              10.44775,
              42.05725
            ],
            [
              10.4479167,
              42.0575
            ],
            [
              10.4495833,
              42.0585
            ],
            [
              10.4513333,
              42.0598333
            ],
            [
              10.453,
              42.0608333
            ],
            [
              10.4531667,
              42.0610833
            ],
            [
              10.4548333,
              42.0620833
            ],
            [
              10.455,
              42.0623333
            ],
            [
              10.4566667,
              42.0633333
            ],
            [
              10.4568333,
              42.0635833
            ],
            [
              10.4585,
              42.0645833
            ],
            [
              10.46025,
              42.0659167
            ],
            [
              10.4619167,
              42.0669167
            ],
            [
              10.4620833,
              42.0671667
            ],
            [
              10.46375,
              42.0681667
            ],
            [
              10.4639167,
              42.0684167
            ],
            [
              10.4655833,
              42.0694167
            ],
            [
              10.4673333,
              42.07075
            ],
            [
              10.469,
              42.07175
            ],
            [
              10.4691667,
              42.072
            ],
            [
              10.4708333,
              42.073
            ],
            [
              10.471,
              42.07325
            ],
            [
              10.4726667,
              42.07425
            ],
            [
              10.4728333,
              42.0745
            ],
            [
              10.4745,
              42.0755
            ],
            [
              10.4746667,
              42.07575
            ],
            [
              10.4760833,
              42.0765833
            ],
            [
              10.47625,
              42.0768333
            ],
            [
              10.4779167,
              42.0778333
            ],
            [
              10.4780833,
              42.0780833
            ],
            [
              10.47975,
              42.0790833
            ],
            [
              10.4799167,
              42.0793333
            ],
            [
              10.4815833,
              42.0803333
            ],
            [
              10.48175,
              42.0805833
            ],
            [
              10.4831667,
              42.0814167
            ],
            [
              10.4833333,
              42.0816667
            ],
            [
              10.485,
              42.0826667
            ],
            [
              10.4851667,
              42.0829167
            ],
            [
              10.4868333,
              42.0839167
            ],
            [
              10.487,
              42.0841667
            ],
            [
              10.4886667,
              42.0851667
            ],
            [
              10.4888333,
              42.0854167
            ],
            [
              10.4905,
              42.0864167
            ],
            [
              10.4906667,
              42.0866667
            ],
            [
              10.4920833,
              42.0875
            ],
            [
              10.49225,
              42.08775
            ],
            [
              10.4939167,
              42.08875
            ],
            [
              10.4940833,
              42.089
            ],
            [
              10.49575,
              42.09
            ],
            [
              10.4959167,
              42.09025
            ],
            [
              10.4975833,
              42.09125
            ],
            [
              10.49775,
              42.0915
            ],
            [
              10.4991667,
              42.0923333
            ],
            [
              10.4993333,
              42.0925833
            ],
            [
              10.501,
              42.0935833
            ],
            [
              10.5011667,
              42.0938333
            ],
            [
              10.5028333,
              42.0948333
            ],
            [
              10.503,
              42.0950833
            ],
            [
              10.5046667,
              42.0960833
            ],
            [
              10.5048333,
              42.0963333
            ],
            [
              10.5065,
              42.0973333
            ],
            [
              10.5066667,
              42.0975833
            ],
            [
              10.5080833,
              42.0984167
            ],
            [
              10.50825,
              42.0986667
            ],
            [
              10.5099167,
              42.0996667
            ],
            [
              10.5100833,
              42.0999167
            ],
            [
              10.51175,
              42.1009167
            ],
            [
              10.5119167,
              42.1011667
            ],
            [
              10.5135833,
              42.1021667
            ],
            [
              10.51375,
              42.1024167
            ],
            [
              10.5154167,
              42.1034167
            ],
            [
              10.5155833,
              42.1036667
            ],
            [
              10.5204167,
              42.1069167
            ],
            [
              10.5224167,
              42.10975
            ],
            [
              10.52275,
              42.11
            ],
            [
              10.52575,
              42.1141667
            ],
            [
              10.5260833,
              42.1144167
            ],
            [
              10.5326667,
              42.1233333
            ],
            [
              10.533,
              42.1235833
            ],
            [
              10.536,
              42.12775
            ],
            [
              10.5363333,
              42.128
            ],
            [
              10.5393333,
              42.1321667
            ],
            [
              10.5396667,
              42.1324167
            ],
            [
              10.5426667,
              42.1365833
            ],
            [
              10.543,
              42.1368333
            ],
            [
              10.546,
              42.141
            ],
            [
              10.5463333,
              42.14125
            ],
            [
              10.5493333,
              42.1454167
            ],
            [
              10.5496667,
              42.1456667
            ],
            [
              10.5529167,
              42.1501667
            ],
            [
              10.55325,
              42.1504167
            ],
            [
              10.55625,
              42.1545833
            ],
            [
              10.5565833,
              42.1548333
            ],
            [
              10.5595833,
              42.159
            ],
            [
              10.5599167,
              42.15925
            ],
            [
              10.5629167,
              42.1634167
            ],
            [
              10.56325,
              42.1636667
            ],
            [
              10.56625,
              42.1678333
            ],
            [
              10.5665833,
              42.1680833
            ],
            [
              10.5698333,
              42.1725833
            ],
            [
              10.5701667,
              42.1728333
            ],
            [
              10.5731667,
              42.177
            ],
            [
              10.5735,
              42.17725
            ],
            [
              10.5765,
              42.1814167
            ],
            [
              10.5768333,
              42.1816667
            ],
            [
              10.5785833,
              42.1841667
            ],
            [
              10.5788333,
              42.1843333
            ],
            [
              10.5951667,
              42.2336667
            ],
            [
              10.5953333,
              42.23375
            ],
            [
              10.59725,
              42.2305833
            ],
            [
              10.5974167,
              42.2300833
            ],
            [
              10.5983333,
              42.22875
            ],
            [
              10.5985,
              42.22825
            ],
            [
              10.5996667,
              42.2265
            ],
            [
              10.5998333,
              42.226
            ],
            [
              10.60075,
              42.2246667
            ],
            [
              10.6009167,
              42.2241667
            ],
            [
              10.6020833,
              42.2224167
            ],
            [
              10.60225,
              42.2219167
            ],
            [
              10.6031667,
              42.2205833
            ],
            [
              10.6033333,
              42.2200833
            ],
            [
              10.6045,
              42.2183333
            ],
            [
              10.6046667,
              42.2178333
            ],
            [
              10.6058333,
              42.2160833
            ],
            [
              10.606,
              42.2155833
            ],
            [
              10.6069167,
              42.21425
            ],
            [
              10.6070833,
              42.21375
            ],
            [
              10.60825,
              42.212
            ],
            [
              10.6084167,
              42.2115
            ],
            [
              10.6093333,
              42.2101667
            ],
            [
              10.6095,
              42.2096667
            ],
            [
              10.6106667,
              42.2079167
            ],
            [
              10.6108333,
              42.2074167
            ],
            [
              10.612,
              42.2056667
            ],
            [
              10.6121667,
              42.2051667
            ],
            [
              10.6130833,
              42.2038333
            ],
            [
              10.61325,
              42.2033333
            ],
            [
              10.6144167,
              42.2015833
            ],
            [
              10.6145833,
              42.2010833
            ],
            [
              10.6155,
              42.19975
            ],
            [
              10.6156667,
              42.19925
            ],
            [
              10.6168333,
              42.1975
            ],
            [
              10.617,
              42.197
            ],
            [
              10.6179167,
              42.1956667
            ],
            [
              10.6180833,
              42.1951667
            ],
            [
              10.61925,
              42.1934167
            ],
            [
              10.6194167,
              42.1929167
            ],
            [
              10.6205833,
              42.1911667
            ],
            [
              10.62075,
              42.1906667
            ],
            [
              10.6216667,
              42.1893333
            ],
            [
              10.6218333,
              42.1888333
            ],
            [
              10.623,
              42.1870833
            ],
            [
              10.6231667,
              42.1865833
            ],
            [
              10.6240833,
              42.18525
            ],
            [
              10.62425,
              42.18475
            ],
            [
              10.6254167,
              42.183
            ],
            [
              10.6255833,
              42.1825
            ],
            [
              10.62675,
              42.18075
            ],
            [
              10.6269167,
              42.18025
            ],
            [
              10.6278333,
              42.1789167
            ],
            [
              10.62825,
              42.178
            ],
            [
              10.63425,
              42.1706667
            ],
            [
              10.63425,
              42.1705
            ],
            [
              10.6346667,
              42.1701667
            ],
            [
              10.6363333,
              42.1679167
            ],
            [
              10.63675,
              42.1675833
            ],
            [
              10.6380833,
              42.16575
            ],
            [
              10.6443333,
              42.1595833
            ],
            [
              10.6445,
              42.1595833
            ],
            [
              10.64825,
              42.15575
            ],
            [
              10.6484167,
              42.15575
            ],
            [
              10.65225,
              42.1518333
            ],
            [
              10.6524167,
              42.1518333
            ],
            [
              10.6561667,
              42.148
            ],
            [
              10.6563333,
              42.148
            ],
            [
              10.6600833,
              42.1441667
            ],
            [
              10.66025,
              42.1441667
            ],
            [
              10.6640833,
              42.14025
            ],
            [
              10.66425,
              42.14025
            ],
            [
              10.668,
              42.1364167
            ],
            [
              10.6681667,
              42.1364167
            ],
            [
              10.6719167,
              42.1325833
            ],
            [
              10.6720833,
              42.1325833
            ],
            [
              10.6759167,
              42.1286667
            ],
            [
              10.6760833,
              42.1286667
            ],
            [
              10.6798333,
              42.1248333
            ],
            [
              10.68,
              42.1248333
            ],
            [
              10.68375,
              42.121
            ],
            [
              10.6839167,
              42.121
            ],
            [
              10.68775,
              42.1170833
            ],
            [
              10.6879167,
              42.1170833
            ],
            [
              10.6885,
              42.1164167
            ],
            [
              10.6900833,
              42.1153333
            ],
            [
              10.6910833,
              42.1144167
            ],
            [
              10.6919167,
              42.1139167
            ],
            [
              10.6929167,
              42.113
            ],
            [
              10.69375,
              42.1125
            ],
            [
              10.69475,
              42.1115833
            ],
            [
              10.6955833,
              42.1110833
            ],
            [
              10.6965833,
              42.1101667
            ],
            [
              10.6974167,
              42.1096667
            ],
            [
              10.6984167,
              42.10875
            ],
            [
              10.69925,
              42.10825
            ],
            [
              10.70025,
              42.1073333
            ],
            [
              10.7010833,
              42.1068333
            ],
            [
              10.7013333,
              42.1065
            ],
            [
              10.7029167,
              42.1054167
            ],
            [
              10.7031667,
              42.1050833
            ],
            [
              10.7036667,
              42.1048333
            ],
            [
              10.7039167,
              42.1045
            ],
            [
              10.7055,
              42.1034167
            ],
            [
              10.70575,
              42.1030833
            ],
            [
              10.7073333,
              42.102
            ],
            [
              10.7075833,
              42.1016667
            ],
            [
              10.7091667,
              42.1005833
            ],
            [
              10.7094167,
              42.10025
            ],
            [
              10.711,
              42.0991667
            ],
            [
              10.71125,
              42.0988333
            ],
            [
              10.7128333,
              42.09775
            ],
            [
              10.7130833,
              42.0974167
            ],
            [
              10.7146667,
              42.0963333
            ],
            [
              10.7149167,
              42.096
            ],
            [
              10.7165,
              42.0949167
            ],
            [
              10.71675,
              42.0945833
            ],
            [
              10.7183333,
              42.0935
            ],
            [
              10.7185833,
              42.0931667
            ],
            [
              10.7190833,
              42.0929167
            ],
            [
              10.7193333,
              42.0925833
            ],
            [
              10.7209167,
              42.0915
            ],
            [
              10.7211667,
              42.0911667
            ],
            [
              10.7216667,
              42.0909167
            ],
            [
              10.7219167,
              42.0905833
            ],
            [
              10.72275,
              42.0900833
            ],
            [
              10.7255,
              42.0878333
            ],
            [
              10.7266667,
              42.08725
            ],
            [
              10.7286667,
              42.0859167
            ],
            [
              10.73525,
              42.0820833
            ],
            [
              10.7355833,
              42.08175
            ],
            [
              10.74175,
              42.0781667
            ],
            [
              10.7420833,
              42.0778333
            ],
            [
              10.7486667,
              42.074
            ],
            [
              10.749,
              42.0736667
            ],
            [
              10.7555833,
              42.0698333
            ],
            [
              10.7559167,
              42.0695
            ],
            [
              10.7620833,
              42.0659167
            ],
            [
              10.7624167,
              42.0655833
            ],
            [
              10.769,
              42.06175
            ],
            [
              10.7693333,
              42.0614167
            ],
            [
              10.7759167,
              42.0575833
            ],
            [
              10.77625,
              42.05725
            ],
            [
              10.7824167,
              42.0536667
            ],
            [
              10.7848333,
              42.0520833
            ],
            [
              10.7850833,
              42.0520833
            ],
            [
              10.7991667,
              42.0455833
            ],
            [
              10.9006667,
              42.0195833
            ],
            [
              11.00525,
              42.0300833
            ],
            [
              11.0944167,
              42.0735
            ],
            [
              11.16475,
              42.0695833
            ],
            [
              11.16475,
              42.0693333
            ],
            [
              11.1706667,
              42.06925
            ],
            [
              11.19025,
              42.0663333
            ],
            [
              11.2900833,
              42.0856667
            ],
            [
              11.2980833,
              42.0905
            ],
            [
              11.3004167,
              42.09175
            ],
            [
              11.3009167,
              42.0921667
            ],
            [
              11.3014167,
              42.0923333
            ],
            [
              11.30275,
              42.09325
            ],
            [
              11.3060833,
              42.0950833
            ],
            [
              11.3074167,
              42.096
            ],
            [
              11.31075,
              42.0978333
            ],
            [
              11.3120833,
              42.09875
            ],
            [
              11.3154167,
              42.1005833
            ],
            [
              11.31675,
              42.1015
            ],
            [
              11.31725,
              42.1016667
            ],
            [
              11.3181667,
              42.1023333
            ],
            [
              11.3185833,
              42.1023333
            ],
            [
              11.3258333,
              42.1013333
            ],
            [
              11.3274167,
              42.1009167
            ],
            [
              11.333,
              42.0985833
            ],
            [
              11.3335,
              42.0985
            ],
            [
              11.3395,
              42.096
            ],
            [
              11.34,
              42.0959167
            ],
            [
              11.346,
              42.0934167
            ],
            [
              11.3465,
              42.0933333
            ],
            [
              11.3790833,
              42.0803333
            ],
            [
              11.38275,
              42.0793333
            ],
            [
              11.3835,
              42.079
            ],
            [
              11.3871667,
              42.078
            ],
            [
              11.3879167,
              42.0776667
            ],
            [
              11.3924167,
              42.0764167
            ],
            [
              11.3931667,
              42.0760833
            ],
            [
              11.3976667,
              42.0748333
            ],
            [
              11.4271667,
              42.0658333
            ],
            [
              11.4298333,
              42.0653333
            ],
            [
              11.4359167,
              42.0616667
            ],
            [
              11.4364167,
              42.0615
            ],
            [
              11.4369167,
              42.0610833
            ],
            [
              11.4374167,
              42.0609167
            ],
            [
              11.4379167,
              42.0605
            ],
            [
              11.4384167,
              42.0603333
            ],
            [
              11.4389167,
              42.0599167
            ],
            [
              11.4394167,
              42.05975
            ],
            [
              11.4399167,
              42.0593333
            ],
            [
              11.4404167,
              42.0591667
            ],
            [
              11.4409167,
              42.05875
            ],
            [
              11.4414167,
              42.0585833
            ],
            [
              11.4419167,
              42.0581667
            ],
            [
              11.4424167,
              42.058
            ],
            [
              11.4429167,
              42.0575833
            ],
            [
              11.4434167,
              42.0574167
            ],
            [
              11.4439167,
              42.057
            ],
            [
              11.4444167,
              42.0568333
            ],
            [
              11.4449167,
              42.0564167
            ],
            [
              11.4454167,
              42.05625
            ],
            [
              11.4459167,
              42.0558333
            ],
            [
              11.4464167,
              42.0556667
            ],
            [
              11.4469167,
              42.05525
            ],
            [
              11.4474167,
              42.0550833
            ],
            [
              11.4479167,
              42.0546667
            ],
            [
              11.4484167,
              42.0545
            ],
            [
              11.4489167,
              42.0540833
            ],
            [
              11.4494167,
              42.0539167
            ],
            [
              11.4499167,
              42.0535
            ],
            [
              11.4504167,
              42.0533333
            ],
            [
              11.4509167,
              42.0529167
            ],
            [
              11.4514167,
              42.05275
            ],
            [
              11.4519167,
              42.0523333
            ],
            [
              11.4524167,
              42.0521667
            ],
            [
              11.4529167,
              42.05175
            ],
            [
              11.4534167,
              42.0515833
            ],
            [
              11.4539167,
              42.0511667
            ],
            [
              11.4544167,
              42.051
            ],
            [
              11.4549167,
              42.0505833
            ],
            [
              11.4554167,
              42.0504167
            ],
            [
              11.4690833,
              42.0294167
            ],
            [
              11.479,
              42
            ],
            [
              12,
              42
            ],
            [
              12,
              45
            ],
            [
              9,
              45
            ]
          ]
        ],
        "type": "Polygon"
      },
      "id": 12,
      "properties": {
        "end_datetime": "2021-12-31T23:59:59Z",
        "grid_code": "ESAWORLDCOVER-N42E009",
        "id": 12,
        "product_version": "2.0.0",
        "source_item_id": "ESA_WorldCover_10m_2021_v200_N42E009",
        "start_datetime": "2021-01-01T00:00:00Z"
      },
      "type": "Feature"
    },
    {
      "geometry": {
        "coordinates": [
          [
            [
              12,
              42
            ],
            [
              15,
              42
            ],
            [
              15,
              45
            ],
            [
              12,
              45
            ],
            [
              12,
              42
            ]
          ]
        ],
        "type": "Polygon"
      },
      "id": 13,
      "properties": {
        "end_datetime": "2021-12-31T23:59:59Z",
        "grid_code": "ESAWORLDCOVER-N42E012",
        "id": 13,
        "product_version": "2.0.0",
        "source_item_id": "ESA_WorldCover_10m_2021_v200_N42E012",
        "start_datetime": "2021-01-01T00:00:00Z"
      },
      "type": "Feature"
    },
    {
      "geometry": {
        "coordinates": [
          [
            [
              15,
              45
            ],
            [
              15,
              43.6368333
            ],
            [
              15.0176667,
              43.6275
            ],
            [
              15.0301667,
              43.6221667
            ],
            [
              15.0319167,
              43.621
            ],
            [
              15.0324167,
              43.6208333
            ],
            [
              15.035,
              43.6191667
            ],
            [
              15.0355,
              43.619
            ],
            [
              15.0376667,
              43.6175833
            ],
            [
              15.0381667,
              43.6174167
            ],
            [
              15.04075,
              43.61575
            ],
            [
              15.04125,
              43.6155833
            ],
            [
              15.0438333,
              43.6139167
            ],
            [
              15.0443333,
              43.61375
            ],
            [
              15.0469167,
              43.6120833
            ],
            [
              15.0474167,
              43.6119167
            ],
            [
              15.0483333,
              43.61125
            ],
            [
              15.0500833,
              43.6103333
            ],
            [
              15.0615833,
              43.6034167
            ],
            [
              15.0625833,
              43.6030833
            ],
            [
              15.07125,
              43.5990833
            ],
            [
              15.0888333,
              43.5943333
            ],
            [
              15.0905833,
              43.593
            ],
            [
              15.093,
              43.5916667
            ],
            [
              15.0933333,
              43.5913333
            ],
            [
              15.0989167,
              43.5880833
            ],
            [
              15.09925,
              43.58775
            ],
            [
              15.1016667,
              43.5864167
            ],
            [
              15.102,
              43.5860833
            ],
            [
              15.1048333,
              43.5845
            ],
            [
              15.1051667,
              43.5841667
            ],
            [
              15.1075833,
              43.5828333
            ],
            [
              15.1079167,
              43.5825
            ],
            [
              15.1103333,
              43.5811667
            ],
            [
              15.1106667,
              43.5808333
            ],
            [
              15.1135,
              43.57925
            ],
            [
              15.1138333,
              43.5789167
            ],
            [
              15.11625,
              43.5775833
            ],
            [
              15.1165833,
              43.57725
            ],
            [
              15.1194167,
              43.5756667
            ],
            [
              15.1214167,
              43.5743333
            ],
            [
              15.1266667,
              43.5716667
            ],
            [
              15.1276667,
              43.5708333
            ],
            [
              15.1325,
              43.5675833
            ],
            [
              15.13325,
              43.5669167
            ],
            [
              15.13725,
              43.56425
            ],
            [
              15.138,
              43.5635833
            ],
            [
              15.1428333,
              43.5603333
            ],
            [
              15.1435833,
              43.5596667
            ],
            [
              15.1475833,
              43.557
            ],
            [
              15.1483333,
              43.5563333
            ],
            [
              15.1531667,
              43.5530833
            ],
            [
              15.1539167,
              43.5524167
            ],
            [
              15.1579167,
              43.54975
            ],
            [
              15.1586667,
              43.5490833
            ],
            [
              15.1635,
              43.5458333
            ],
            [
              15.16425,
              43.5451667
            ],
            [
              15.16825,
              43.5425
            ],
            [
              15.169,
              43.5418333
            ],
            [
              15.1696667,
              43.5415
            ],
            [
              15.1698333,
              43.54125
            ],
            [
              15.1705,
              43.5409167
            ],
            [
              15.1706667,
              43.5406667
            ],
            [
              15.1713333,
              43.5403333
            ],
            [
              15.1715,
              43.5400833
            ],
            [
              15.1721667,
              43.53975
            ],
            [
              15.1723333,
              43.5395
            ],
            [
              15.173,
              43.5391667
            ],
            [
              15.1731667,
              43.5389167
            ],
            [
              15.1738333,
              43.5385833
            ],
            [
              15.174,
              43.5383333
            ],
            [
              15.1744167,
              43.5381667
            ],
            [
              15.1745833,
              43.5379167
            ],
            [
              15.17525,
              43.5375833
            ],
            [
              15.1775833,
              43.5358333
            ],
            [
              15.1781667,
              43.5356667
            ],
            [
              15.1965833,
              43.5265833
            ],
            [
              15.22575,
              43.5148333
            ],
            [
              15.2260833,
              43.5145833
            ],
            [
              15.2306667,
              43.5128333
            ],
            [
              15.2336667,
              43.5115
            ],
            [
              15.2926667,
              43.492
            ],
            [
              15.2929167,
              43.492
            ],
            [
              15.2934167,
              43.49375
            ],
            [
              15.29375,
              43.4938333
            ],
            [
              15.3460833,
              43.4765
            ],
            [
              15.3846667,
              43.476
            ],
            [
              15.414,
              43.4423333
            ],
            [
              15.4164167,
              43.4410833
            ],
            [
              15.4188333,
              43.4395833
            ],
            [
              15.4205,
              43.43875
            ],
            [
              15.4205833,
              43.4385833
            ],
            [
              15.42125,
              43.4383333
            ],
            [
              15.4236667,
              43.4368333
            ],
            [
              15.4253333,
              43.436
            ],
            [
              15.4254167,
              43.4358333
            ],
            [
              15.4260833,
              43.4355833
            ],
            [
              15.4285,
              43.4340833
            ],
            [
              15.4301667,
              43.43325
            ],
            [
              15.43025,
              43.4330833
            ],
            [
              15.4309167,
              43.4328333
            ],
            [
              15.4333333,
              43.4313333
            ],
            [
              15.435,
              43.4305
            ],
            [
              15.4350833,
              43.4303333
            ],
            [
              15.4355833,
              43.4301667
            ],
            [
              15.4356667,
              43.43
            ],
            [
              15.4363333,
              43.42975
            ],
            [
              15.4399167,
              43.4275833
            ],
            [
              15.4404167,
              43.4274167
            ],
            [
              15.4405,
              43.42725
            ],
            [
              15.4411667,
              43.427
            ],
            [
              15.44475,
              43.4248333
            ],
            [
              15.44525,
              43.4246667
            ],
            [
              15.4453333,
              43.4245
            ],
            [
              15.446,
              43.42425
            ],
            [
              15.4460833,
              43.4240833
            ],
            [
              15.4508333,
              43.4215
            ],
            [
              15.4509167,
              43.4213333
            ],
            [
              15.4514167,
              43.4211667
            ],
            [
              15.4515,
              43.421
            ],
            [
              15.4531667,
              43.4201667
            ],
            [
              15.4555833,
              43.4186667
            ],
            [
              15.45625,
              43.4184167
            ],
            [
              15.4563333,
              43.41825
            ],
            [
              15.458,
              43.4174167
            ],
            [
              15.4604167,
              43.4159167
            ],
            [
              15.4610833,
              43.4156667
            ],
            [
              15.4611667,
              43.4155
            ],
            [
              15.4628333,
              43.4146667
            ],
            [
              15.46525,
              43.4131667
            ],
            [
              15.4659167,
              43.4129167
            ],
            [
              15.466,
              43.41275
            ],
            [
              15.4676667,
              43.4119167
            ],
            [
              15.4700833,
              43.4104167
            ],
            [
              15.47075,
              43.4101667
            ],
            [
              15.4708333,
              43.41
            ],
            [
              15.4725,
              43.4091667
            ],
            [
              15.4749167,
              43.4076667
            ],
            [
              15.4785,
              43.40575
            ],
            [
              15.47875,
              43.4055833
            ],
            [
              15.47875,
              43.4053333
            ],
            [
              15.4781667,
              43.4043333
            ],
            [
              15.48025,
              43.4033333
            ],
            [
              15.4814167,
              43.4025833
            ],
            [
              15.4838333,
              43.4014167
            ],
            [
              15.485,
              43.4006667
            ],
            [
              15.4886667,
              43.3988333
            ],
            [
              15.4898333,
              43.3980833
            ],
            [
              15.49225,
              43.3969167
            ],
            [
              15.4923333,
              43.39675
            ],
            [
              15.4970833,
              43.3943333
            ],
            [
              15.4971667,
              43.3941667
            ],
            [
              15.5006667,
              43.3924167
            ],
            [
              15.50075,
              43.39225
            ],
            [
              15.5055,
              43.3898333
            ],
            [
              15.5055833,
              43.3896667
            ],
            [
              15.5103333,
              43.38725
            ],
            [
              15.5104167,
              43.3870833
            ],
            [
              15.5139167,
              43.3853333
            ],
            [
              15.514,
              43.3851667
            ],
            [
              15.5175,
              43.3834167
            ],
            [
              15.5175833,
              43.38325
            ],
            [
              15.51875,
              43.38275
            ],
            [
              15.5188333,
              43.3825833
            ],
            [
              15.5198333,
              43.3821667
            ],
            [
              15.5199167,
              43.382
            ],
            [
              15.5210833,
              43.3815
            ],
            [
              15.5215,
              43.3811667
            ],
            [
              15.52175,
              43.38125
            ],
            [
              15.52225,
              43.3823333
            ],
            [
              15.5225,
              43.3824167
            ],
            [
              15.5230833,
              43.3819167
            ],
            [
              15.5243333,
              43.38125
            ],
            [
              15.5251667,
              43.3805833
            ],
            [
              15.5255,
              43.3805
            ],
            [
              15.5263333,
              43.3798333
            ],
            [
              15.5266667,
              43.37975
            ],
            [
              15.5275,
              43.3790833
            ],
            [
              15.5278333,
              43.379
            ],
            [
              15.5286667,
              43.3783333
            ],
            [
              15.5310833,
              43.3769167
            ],
            [
              15.5319167,
              43.37625
            ],
            [
              15.53225,
              43.3761667
            ],
            [
              15.5330833,
              43.3755
            ],
            [
              15.5334167,
              43.3754167
            ],
            [
              15.53425,
              43.37475
            ],
            [
              15.5345833,
              43.3746667
            ],
            [
              15.5354167,
              43.374
            ],
            [
              15.53575,
              43.3739167
            ],
            [
              15.5365833,
              43.37325
            ],
            [
              15.5378333,
              43.3725833
            ],
            [
              15.5386667,
              43.3719167
            ],
            [
              15.539,
              43.3718333
            ],
            [
              15.5398333,
              43.3711667
            ],
            [
              15.5401667,
              43.3710833
            ],
            [
              15.541,
              43.3704167
            ],
            [
              15.5413333,
              43.3703333
            ],
            [
              15.5421667,
              43.3696667
            ],
            [
              15.5425,
              43.3695833
            ],
            [
              15.5433333,
              43.3689167
            ],
            [
              15.5445833,
              43.36825
            ],
            [
              15.5454167,
              43.3675833
            ],
            [
              15.54575,
              43.3675
            ],
            [
              15.5465833,
              43.3668333
            ],
            [
              15.5469167,
              43.36675
            ],
            [
              15.54775,
              43.3660833
            ],
            [
              15.5480833,
              43.366
            ],
            [
              15.5489167,
              43.3653333
            ],
            [
              15.54925,
              43.36525
            ],
            [
              15.5500833,
              43.3645833
            ],
            [
              15.5504167,
              43.3645
            ],
            [
              15.55625,
              43.3606667
            ],
            [
              15.6574167,
              43.3378333
            ],
            [
              15.6580833,
              43.33775
            ],
            [
              15.6600833,
              43.338
            ],
            [
              15.6765833,
              43.3343333
            ],
            [
              15.7181667,
              43.33175
            ],
            [
              15.7206667,
              43.3288333
            ],
            [
              15.7206667,
              43.3286667
            ],
            [
              15.7210833,
              43.3283333
            ],
            [
              15.7210833,
              43.3281667
            ],
            [
              15.7215,
              43.3278333
            ],
            [
              15.7215,
              43.3276667
            ],
            [
              15.7219167,
              43.3273333
            ],
            [
              15.7219167,
              43.3271667
            ],
            [
              15.7223333,
              43.3268333
            ],
            [
              15.7223333,
              43.3266667
            ],
            [
              15.72275,
              43.3263333
            ],
            [
              15.7224167,
              43.32625
            ],
            [
              15.7196667,
              43.3266667
            ],
            [
              15.6925,
              43.328
            ],
            [
              15.6895833,
              43.328
            ],
            [
              15.6613333,
              43.3265833
            ],
            [
              15.6326667,
              43.3223333
            ],
            [
              15.604,
              43.3151667
            ],
            [
              15.57625,
              43.30525
            ],
            [
              15.5665833,
              43.3006667
            ],
            [
              15.5544167,
              43.3065
            ],
            [
              15.5278333,
              43.3159167
            ],
            [
              15.5276667,
              43.3160833
            ],
            [
              15.498,
              43.3235833
            ],
            [
              15.4693333,
              43.3278333
            ],
            [
              15.441,
              43.32925
            ],
            [
              15.4383333,
              43.32925
            ],
            [
              15.41,
              43.3278333
            ],
            [
              15.3813333,
              43.3235833
            ],
            [
              15.3735833,
              43.3216667
            ],
            [
              15.3733333,
              43.3215
            ],
            [
              15.3526667,
              43.3164167
            ],
            [
              15.3249167,
              43.3065
            ],
            [
              15.3105,
              43.2995833
            ],
            [
              15.31025,
              43.2995833
            ],
            [
              15.3089167,
              43.2988333
            ],
            [
              15.3086667,
              43.2988333
            ],
            [
              15.3073333,
              43.2980833
            ],
            [
              15.3056667,
              43.2974167
            ],
            [
              15.3043333,
              43.2966667
            ],
            [
              15.3040833,
              43.2966667
            ],
            [
              15.30275,
              43.2959167
            ],
            [
              15.3025,
              43.2959167
            ],
            [
              15.3011667,
              43.2951667
            ],
            [
              15.2995,
              43.2945
            ],
            [
              15.298,
              43.29375
            ],
            [
              15.2945833,
              43.2915833
            ],
            [
              15.2940833,
              43.2914167
            ],
            [
              15.27275,
              43.2785833
            ],
            [
              15.2725833,
              43.2783333
            ],
            [
              15.2721667,
              43.2781667
            ],
            [
              15.27,
              43.2764167
            ],
            [
              15.2695833,
              43.27625
            ],
            [
              15.2674167,
              43.2745
            ],
            [
              15.267,
              43.2743333
            ],
            [
              15.2651667,
              43.2728333
            ],
            [
              15.26475,
              43.2726667
            ],
            [
              15.2625833,
              43.2709167
            ],
            [
              15.2621667,
              43.27075
            ],
            [
              15.26,
              43.269
            ],
            [
              15.2595833,
              43.2688333
            ],
            [
              15.2574167,
              43.2670833
            ],
            [
              15.257,
              43.2669167
            ],
            [
              15.2551667,
              43.2654167
            ],
            [
              15.25475,
              43.26525
            ],
            [
              15.2525833,
              43.2635
            ],
            [
              15.2521667,
              43.2633333
            ],
            [
              15.2516667,
              43.2628333
            ],
            [
              15.2491667,
              43.2610833
            ],
            [
              15.2475,
              43.2594167
            ],
            [
              15.2473333,
              43.2594167
            ],
            [
              15.2448333,
              43.257
            ],
            [
              15.2446667,
              43.257
            ],
            [
              15.2421667,
              43.2545833
            ],
            [
              15.242,
              43.2545833
            ],
            [
              15.2395,
              43.2521667
            ],
            [
              15.2393333,
              43.2521667
            ],
            [
              15.2368333,
              43.24975
            ],
            [
              15.2366667,
              43.24975
            ],
            [
              15.2341667,
              43.2473333
            ],
            [
              15.234,
              43.2473333
            ],
            [
              15.2333333,
              43.2465833
            ],
            [
              15.2331667,
              43.2465833
            ],
            [
              15.2324167,
              43.24575
            ],
            [
              15.23225,
              43.24575
            ],
            [
              15.2315,
              43.2449167
            ],
            [
              15.2313333,
              43.2449167
            ],
            [
              15.2306667,
              43.2441667
            ],
            [
              15.2305,
              43.2441667
            ],
            [
              15.22975,
              43.2433333
            ],
            [
              15.2295833,
              43.2433333
            ],
            [
              15.2288333,
              43.2425
            ],
            [
              15.2286667,
              43.2425
            ],
            [
              15.2275,
              43.2414167
            ],
            [
              15.22725,
              43.241
            ],
            [
              15.2264167,
              43.24025
            ],
            [
              15.2264167,
              43.2400833
            ],
            [
              15.2255833,
              43.2393333
            ],
            [
              15.2255833,
              43.2391667
            ],
            [
              15.2248333,
              43.2385
            ],
            [
              15.2248333,
              43.2383333
            ],
            [
              15.224,
              43.2375833
            ],
            [
              15.224,
              43.2374167
            ],
            [
              15.2231667,
              43.2366667
            ],
            [
              15.2231667,
              43.2365
            ],
            [
              15.2224167,
              43.2358333
            ],
            [
              15.2224167,
              43.2356667
            ],
            [
              15.2215833,
              43.2349167
            ],
            [
              15.2215833,
              43.23475
            ],
            [
              15.22075,
              43.234
            ],
            [
              15.22075,
              43.2338333
            ],
            [
              15.22,
              43.2331667
            ],
            [
              15.22,
              43.233
            ],
            [
              15.2175833,
              43.2305
            ],
            [
              15.2175833,
              43.2303333
            ],
            [
              15.2151667,
              43.2278333
            ],
            [
              15.2151667,
              43.2276667
            ],
            [
              15.21275,
              43.2251667
            ],
            [
              15.21275,
              43.225
            ],
            [
              15.2103333,
              43.2225
            ],
            [
              15.2103333,
              43.2223333
            ],
            [
              15.2079167,
              43.2198333
            ],
            [
              15.2046667,
              43.2153333
            ],
            [
              15.2044167,
              43.2151667
            ],
            [
              15.20425,
              43.21475
            ],
            [
              15.2025,
              43.2125833
            ],
            [
              15.2023333,
              43.2121667
            ],
            [
              15.2008333,
              43.2103333
            ],
            [
              15.2006667,
              43.2099167
            ],
            [
              15.1989167,
              43.20775
            ],
            [
              15.19875,
              43.2073333
            ],
            [
              15.197,
              43.2051667
            ],
            [
              15.1968333,
              43.20475
            ],
            [
              15.1950833,
              43.2025833
            ],
            [
              15.1949167,
              43.2021667
            ],
            [
              15.1934167,
              43.2003333
            ],
            [
              15.19325,
              43.1999167
            ],
            [
              15.1915,
              43.19775
            ],
            [
              15.1913333,
              43.1973333
            ],
            [
              15.1903333,
              43.1961667
            ],
            [
              15.1751667,
              43.1709167
            ],
            [
              15.1625,
              43.1441667
            ],
            [
              15.1525,
              43.1161667
            ],
            [
              15.1454167,
              43.0879167
            ],
            [
              15.1411667,
              43.0593333
            ],
            [
              15.1396667,
              43.03
            ],
            [
              15.13975,
              43.0268333
            ],
            [
              15.1410833,
              42.9998333
            ],
            [
              15.1454167,
              42.9706667
            ],
            [
              15.1525833,
              42.9420833
            ],
            [
              15.1624167,
              42.9145833
            ],
            [
              15.17525,
              42.8875
            ],
            [
              15.1836667,
              42.8736667
            ],
            [
              15.1838333,
              42.8731667
            ],
            [
              15.1895,
              42.8639167
            ],
            [
              15.1900833,
              42.86275
            ],
            [
              15.1998333,
              42.8495833
            ],
            [
              15.2000833,
              42.8494167
            ],
            [
              15.20025,
              42.849
            ],
            [
              15.20175,
              42.8471667
            ],
            [
              15.2019167,
              42.84675
            ],
            [
              15.2036667,
              42.8445833
            ],
            [
              15.2038333,
              42.8441667
            ],
            [
              15.2055833,
              42.842
            ],
            [
              15.20575,
              42.8415833
            ],
            [
              15.20725,
              42.83975
            ],
            [
              15.2076667,
              42.839
            ],
            [
              15.2131667,
              42.8330833
            ],
            [
              15.2131667,
              42.8329167
            ],
            [
              15.214,
              42.8321667
            ],
            [
              15.214,
              42.832
            ],
            [
              15.21475,
              42.8313333
            ],
            [
              15.21475,
              42.8311667
            ],
            [
              15.2155833,
              42.8304167
            ],
            [
              15.2155833,
              42.83025
            ],
            [
              15.2164167,
              42.8295
            ],
            [
              15.2164167,
              42.8293333
            ],
            [
              15.2171667,
              42.8286667
            ],
            [
              15.2171667,
              42.8285
            ],
            [
              15.218,
              42.82775
            ],
            [
              15.218,
              42.8275833
            ],
            [
              15.2188333,
              42.8268333
            ],
            [
              15.2188333,
              42.8266667
            ],
            [
              15.2204167,
              42.8250833
            ],
            [
              15.2204167,
              42.8249167
            ],
            [
              15.22125,
              42.8241667
            ],
            [
              15.22125,
              42.824
            ],
            [
              15.2220833,
              42.82325
            ],
            [
              15.2220833,
              42.8230833
            ],
            [
              15.2228333,
              42.8224167
            ],
            [
              15.2228333,
              42.82225
            ],
            [
              15.2236667,
              42.8215
            ],
            [
              15.2236667,
              42.8213333
            ],
            [
              15.2245,
              42.8205833
            ],
            [
              15.2245,
              42.8204167
            ],
            [
              15.22525,
              42.81975
            ],
            [
              15.22525,
              42.8195833
            ],
            [
              15.2260833,
              42.8188333
            ],
            [
              15.2260833,
              42.8186667
            ],
            [
              15.2269167,
              42.8179167
            ],
            [
              15.2269167,
              42.81775
            ],
            [
              15.2493333,
              42.7973333
            ],
            [
              15.2501667,
              42.7968333
            ],
            [
              15.2516667,
              42.7955833
            ],
            [
              15.2520833,
              42.7954167
            ],
            [
              15.2539167,
              42.7939167
            ],
            [
              15.2543333,
              42.79375
            ],
            [
              15.2565,
              42.792
            ],
            [
              15.2569167,
              42.7918333
            ],
            [
              15.2590833,
              42.7900833
            ],
            [
              15.2595,
              42.7899167
            ],
            [
              15.2616667,
              42.7881667
            ],
            [
              15.2620833,
              42.788
            ],
            [
              15.2639167,
              42.7865
            ],
            [
              15.2643333,
              42.7863333
            ],
            [
              15.2665,
              42.7845833
            ],
            [
              15.2669167,
              42.7844167
            ],
            [
              15.2690833,
              42.7826667
            ],
            [
              15.2695,
              42.7825
            ],
            [
              15.2716667,
              42.78075
            ],
            [
              15.2720833,
              42.7805833
            ],
            [
              15.2729167,
              42.7798333
            ],
            [
              15.2824167,
              42.77425
            ],
            [
              15.2979167,
              42.7648333
            ],
            [
              15.32525,
              42.7519167
            ],
            [
              15.33325,
              42.7491667
            ],
            [
              15.3525,
              42.7421667
            ],
            [
              15.3811667,
              42.735
            ],
            [
              15.40975,
              42.73075
            ],
            [
              15.4400833,
              42.72925
            ],
            [
              15.4689167,
              42.7306667
            ],
            [
              15.49825,
              42.735
            ],
            [
              15.5268333,
              42.7421667
            ],
            [
              15.544,
              42.7484167
            ],
            [
              15.552,
              42.7511667
            ],
            [
              15.5530833,
              42.7516667
            ],
            [
              15.5540833,
              42.7519167
            ],
            [
              15.564,
              42.7566667
            ],
            [
              15.5764167,
              42.75075
            ],
            [
              15.5876667,
              42.7468333
            ],
            [
              15.6036667,
              42.741
            ],
            [
              15.6321667,
              42.7338333
            ],
            [
              15.662,
              42.7294167
            ],
            [
              15.6908333,
              42.728
            ],
            [
              15.7209167,
              42.7295
            ],
            [
              15.749,
              42.7336667
            ],
            [
              15.7519167,
              42.7344167
            ],
            [
              15.7525833,
              42.7344167
            ],
            [
              15.75825,
              42.7329167
            ],
            [
              15.78775,
              42.7285833
            ],
            [
              15.8165833,
              42.7271667
            ],
            [
              15.8456667,
              42.7285833
            ],
            [
              15.8751667,
              42.7329167
            ],
            [
              15.9038333,
              42.7400833
            ],
            [
              15.9154167,
              42.7443333
            ],
            [
              15.9234167,
              42.7470833
            ],
            [
              15.9245,
              42.7475833
            ],
            [
              15.9313333,
              42.7499167
            ],
            [
              15.9330833,
              42.75075
            ],
            [
              15.9908333,
              42.72625
            ],
            [
              16.0149167,
              42.72025
            ],
            [
              16.1035833,
              42.7119167
            ],
            [
              16.13725,
              42.71375
            ],
            [
              16.1869167,
              42.7205833
            ],
            [
              16.2759167,
              42.7405
            ],
            [
              16.2775,
              42.74125
            ],
            [
              16.3645833,
              42.776
            ],
            [
              16.3763333,
              42.783
            ],
            [
              16.3805,
              42.78625
            ],
            [
              16.3809167,
              42.7864167
            ],
            [
              16.4248333,
              42.7240833
            ],
            [
              16.473,
              42.6891667
            ],
            [
              16.4726667,
              42.6890833
            ],
            [
              16.4599167,
              42.6923333
            ],
            [
              16.43125,
              42.6965833
            ],
            [
              16.42975,
              42.6966667
            ],
            [
              16.4026667,
              42.698
            ],
            [
              16.3735833,
              42.6966667
            ],
            [
              16.3715833,
              42.6965
            ],
            [
              16.3420833,
              42.6920833
            ],
            [
              16.33575,
              42.69375
            ],
            [
              16.3070833,
              42.698
            ],
            [
              16.279,
              42.6994167
            ],
            [
              16.2755833,
              42.6994167
            ],
            [
              16.2475,
              42.698
            ],
            [
              16.2188333,
              42.69375
            ],
            [
              16.19025,
              42.6865833
            ],
            [
              16.1615833,
              42.67625
            ],
            [
              16.16025,
              42.6755
            ],
            [
              16.16,
              42.6755
            ],
            [
              16.1586667,
              42.67475
            ],
            [
              16.1584167,
              42.67475
            ],
            [
              16.1570833,
              42.674
            ],
            [
              16.1568333,
              42.674
            ],
            [
              16.1556667,
              42.6733333
            ],
            [
              16.1554167,
              42.6733333
            ],
            [
              16.1540833,
              42.6725833
            ],
            [
              16.1538333,
              42.6725833
            ],
            [
              16.1525,
              42.6718333
            ],
            [
              16.15225,
              42.6718333
            ],
            [
              16.1509167,
              42.6710833
            ],
            [
              16.1506667,
              42.6710833
            ],
            [
              16.1495,
              42.6704167
            ],
            [
              16.14925,
              42.6704167
            ],
            [
              16.1479167,
              42.6696667
            ],
            [
              16.1476667,
              42.6696667
            ],
            [
              16.1463333,
              42.6689167
            ],
            [
              16.1460833,
              42.6689167
            ],
            [
              16.14475,
              42.6681667
            ],
            [
              16.1445,
              42.6681667
            ],
            [
              16.1355833,
              42.6639167
            ],
            [
              16.1146667,
              42.65125
            ],
            [
              16.1141667,
              42.6510833
            ],
            [
              16.1111667,
              42.6491667
            ],
            [
              16.1108333,
              42.6490833
            ],
            [
              16.1004167,
              42.64125
            ],
            [
              16.0993333,
              42.6405833
            ],
            [
              16.0978333,
              42.6393333
            ],
            [
              16.0974167,
              42.6391667
            ],
            [
              16.0955833,
              42.6376667
            ],
            [
              16.0951667,
              42.6375
            ],
            [
              16.093,
              42.63575
            ],
            [
              16.0925833,
              42.6355833
            ],
            [
              16.0904167,
              42.6338333
            ],
            [
              16.09,
              42.6336667
            ],
            [
              16.0878333,
              42.6319167
            ],
            [
              16.0874167,
              42.63175
            ],
            [
              16.0830833,
              42.62775
            ],
            [
              16.0829167,
              42.62775
            ],
            [
              16.0821667,
              42.6269167
            ],
            [
              16.082,
              42.6269167
            ],
            [
              16.08125,
              42.6260833
            ],
            [
              16.0810833,
              42.6260833
            ],
            [
              16.0804167,
              42.6253333
            ],
            [
              16.08025,
              42.6253333
            ],
            [
              16.0795,
              42.6245
            ],
            [
              16.0793333,
              42.6245
            ],
            [
              16.0785833,
              42.6236667
            ],
            [
              16.0784167,
              42.6236667
            ],
            [
              16.07775,
              42.6229167
            ],
            [
              16.0775833,
              42.6229167
            ],
            [
              16.0768333,
              42.6220833
            ],
            [
              16.0766667,
              42.6220833
            ],
            [
              16.0759167,
              42.62125
            ],
            [
              16.07575,
              42.62125
            ],
            [
              16.0750833,
              42.6205
            ],
            [
              16.0749167,
              42.6205
            ],
            [
              16.0741667,
              42.6196667
            ],
            [
              16.074,
              42.6196667
            ],
            [
              16.07325,
              42.6188333
            ],
            [
              16.0730833,
              42.6188333
            ],
            [
              16.0724167,
              42.6180833
            ],
            [
              16.07225,
              42.6180833
            ],
            [
              16.0715,
              42.61725
            ],
            [
              16.0713333,
              42.61725
            ],
            [
              16.0705833,
              42.6164167
            ],
            [
              16.0704167,
              42.6164167
            ],
            [
              16.06975,
              42.6156667
            ],
            [
              16.0695833,
              42.6156667
            ],
            [
              16.0688333,
              42.6148333
            ],
            [
              16.0686667,
              42.6148333
            ],
            [
              16.0679167,
              42.614
            ],
            [
              16.06775,
              42.614
            ],
            [
              16.0670833,
              42.61325
            ],
            [
              16.0669167,
              42.61325
            ],
            [
              16.0661667,
              42.6124167
            ],
            [
              16.066,
              42.6124167
            ],
            [
              16.0643333,
              42.61075
            ],
            [
              16.0643333,
              42.6105833
            ],
            [
              16.0635833,
              42.6099167
            ],
            [
              16.0635833,
              42.60975
            ],
            [
              16.06275,
              42.609
            ],
            [
              16.06275,
              42.6088333
            ],
            [
              16.0611667,
              42.60725
            ],
            [
              16.0611667,
              42.6070833
            ],
            [
              16.0603333,
              42.6063333
            ],
            [
              16.0603333,
              42.6061667
            ],
            [
              16.05875,
              42.6045833
            ],
            [
              16.05875,
              42.6044167
            ],
            [
              16.0579167,
              42.6036667
            ],
            [
              16.0579167,
              42.6035
            ],
            [
              16.0570833,
              42.60275
            ],
            [
              16.0570833,
              42.6025833
            ],
            [
              16.0563333,
              42.6019167
            ],
            [
              16.0563333,
              42.60175
            ],
            [
              16.0555,
              42.601
            ],
            [
              16.0555,
              42.6008333
            ],
            [
              16.0546667,
              42.6000833
            ],
            [
              16.0546667,
              42.5999167
            ],
            [
              16.0538333,
              42.5991667
            ],
            [
              16.0538333,
              42.599
            ],
            [
              16.0530833,
              42.5983333
            ],
            [
              16.0530833,
              42.5981667
            ],
            [
              16.05225,
              42.5974167
            ],
            [
              16.05225,
              42.59725
            ],
            [
              16.0514167,
              42.5965
            ],
            [
              16.0514167,
              42.5963333
            ],
            [
              16.0506667,
              42.5956667
            ],
            [
              16.0506667,
              42.5955
            ],
            [
              16.0498333,
              42.59475
            ],
            [
              16.0498333,
              42.5945833
            ],
            [
              16.04525,
              42.5896667
            ],
            [
              16.0450833,
              42.58925
            ],
            [
              16.0433333,
              42.5870833
            ],
            [
              16.0431667,
              42.5866667
            ],
            [
              16.0414167,
              42.5845
            ],
            [
              16.0395833,
              42.5818333
            ],
            [
              16.0393333,
              42.5816667
            ],
            [
              16.0376667,
              42.57925
            ],
            [
              16.0359167,
              42.5770833
            ],
            [
              16.03575,
              42.5766667
            ],
            [
              16.034,
              42.5745
            ],
            [
              16.0338333,
              42.5740833
            ],
            [
              16.0323333,
              42.57225
            ],
            [
              16.0321667,
              42.5718333
            ],
            [
              16.0278333,
              42.5661667
            ],
            [
              16.0123333,
              42.5401667
            ],
            [
              16.0109167,
              42.5369167
            ],
            [
              16.0101667,
              42.5355833
            ],
            [
              16.0101667,
              42.5353333
            ],
            [
              16.0094167,
              42.534
            ],
            [
              16.008,
              42.53075
            ],
            [
              16.0000833,
              42.51425
            ],
            [
              15.999,
              42.5109167
            ],
            [
              15.9985,
              42.5098333
            ],
            [
              15.9974167,
              42.5065
            ],
            [
              15.9901667,
              42.4865
            ],
            [
              15.98375,
              42.46075
            ],
            [
              15.9826667,
              42.4614167
            ],
            [
              15.9728333,
              42.4688333
            ],
            [
              15.9633333,
              42.4744167
            ],
            [
              15.96325,
              42.4745833
            ],
            [
              15.96275,
              42.47475
            ],
            [
              15.9476667,
              42.4839167
            ],
            [
              15.9458333,
              42.4846667
            ],
            [
              15.9445,
              42.4854167
            ],
            [
              15.94425,
              42.4854167
            ],
            [
              15.9429167,
              42.4861667
            ],
            [
              15.9426667,
              42.4861667
            ],
            [
              15.9413333,
              42.4869167
            ],
            [
              15.9396667,
              42.4875833
            ],
            [
              15.9383333,
              42.4883333
            ],
            [
              15.9380833,
              42.4883333
            ],
            [
              15.93675,
              42.4890833
            ],
            [
              15.9365,
              42.4890833
            ],
            [
              15.9351667,
              42.4898333
            ],
            [
              15.9335,
              42.4905
            ],
            [
              15.9208333,
              42.4965833
            ],
            [
              15.9151667,
              42.4985
            ],
            [
              15.9140833,
              42.499
            ],
            [
              15.9060833,
              42.50175
            ],
            [
              15.8933333,
              42.5064167
            ],
            [
              15.8646667,
              42.5135833
            ],
            [
              15.8351667,
              42.5179167
            ],
            [
              15.80625,
              42.5193333
            ],
            [
              15.7773333,
              42.5179167
            ],
            [
              15.74775,
              42.5135833
            ],
            [
              15.7460833,
              42.5130833
            ],
            [
              15.7455,
              42.5130833
            ],
            [
              15.7404167,
              42.5144167
            ],
            [
              15.7105,
              42.51875
            ],
            [
              15.6833333,
              42.5200833
            ],
            [
              15.681,
              42.5200833
            ],
            [
              15.6525833,
              42.5186667
            ],
            [
              15.6239167,
              42.5144167
            ],
            [
              15.5951667,
              42.50725
            ],
            [
              15.5674167,
              42.4973333
            ],
            [
              15.5544167,
              42.4910833
            ],
            [
              15.55275,
              42.4904167
            ],
            [
              15.5514167,
              42.4896667
            ],
            [
              15.5511667,
              42.4896667
            ],
            [
              15.5498333,
              42.4889167
            ],
            [
              15.5495833,
              42.4889167
            ],
            [
              15.54825,
              42.4881667
            ],
            [
              15.5465833,
              42.4875
            ],
            [
              15.54525,
              42.48675
            ],
            [
              15.545,
              42.48675
            ],
            [
              15.5436667,
              42.486
            ],
            [
              15.5434167,
              42.486
            ],
            [
              15.5420833,
              42.48525
            ],
            [
              15.5418333,
              42.48525
            ],
            [
              15.5405,
              42.4845833
            ],
            [
              15.5370833,
              42.4824167
            ],
            [
              15.5365833,
              42.48225
            ],
            [
              15.51525,
              42.4694167
            ],
            [
              15.5150833,
              42.4691667
            ],
            [
              15.5146667,
              42.469
            ],
            [
              15.5128333,
              42.4675
            ],
            [
              15.5124167,
              42.4673333
            ],
            [
              15.51025,
              42.4655833
            ],
            [
              15.5098333,
              42.4654167
            ],
            [
              15.5076667,
              42.4636667
            ],
            [
              15.50725,
              42.4635
            ],
            [
              15.5050833,
              42.46175
            ],
            [
              15.5046667,
              42.4615833
            ],
            [
              15.5028333,
              42.4600833
            ],
            [
              15.5024167,
              42.4599167
            ],
            [
              15.50025,
              42.4581667
            ],
            [
              15.4998333,
              42.458
            ],
            [
              15.4976667,
              42.45625
            ],
            [
              15.49725,
              42.4560833
            ],
            [
              15.4954167,
              42.4545833
            ],
            [
              15.495,
              42.4544167
            ],
            [
              15.4941667,
              42.4536667
            ],
            [
              15.4916667,
              42.4519167
            ],
            [
              15.4891667,
              42.4495
            ],
            [
              15.489,
              42.4495
            ],
            [
              15.4855833,
              42.44625
            ],
            [
              15.4854167,
              42.44625
            ],
            [
              15.4829167,
              42.4438333
            ],
            [
              15.48275,
              42.4438333
            ],
            [
              15.48025,
              42.4414167
            ],
            [
              15.4800833,
              42.4414167
            ],
            [
              15.4775833,
              42.439
            ],
            [
              15.4774167,
              42.439
            ],
            [
              15.4749167,
              42.4365833
            ],
            [
              15.47475,
              42.4365833
            ],
            [
              15.4740833,
              42.4358333
            ],
            [
              15.4739167,
              42.4358333
            ],
            [
              15.4731667,
              42.435
            ],
            [
              15.473,
              42.435
            ],
            [
              15.47225,
              42.4341667
            ],
            [
              15.4720833,
              42.4341667
            ],
            [
              15.4714167,
              42.4334167
            ],
            [
              15.47125,
              42.4334167
            ],
            [
              15.4705,
              42.4325833
            ],
            [
              15.4700833,
              42.4323333
            ],
            [
              15.4680833,
              42.4301667
            ],
            [
              15.4680833,
              42.43
            ],
            [
              15.46725,
              42.42925
            ],
            [
              15.46725,
              42.4290833
            ],
            [
              15.4664167,
              42.4283333
            ],
            [
              15.4664167,
              42.4281667
            ],
            [
              15.4656667,
              42.4275
            ],
            [
              15.4656667,
              42.4273333
            ],
            [
              15.4648333,
              42.4265833
            ],
            [
              15.4648333,
              42.4264167
            ],
            [
              15.464,
              42.4256667
            ],
            [
              15.464,
              42.4255
            ],
            [
              15.46325,
              42.4248333
            ],
            [
              15.46325,
              42.4246667
            ],
            [
              15.4624167,
              42.4239167
            ],
            [
              15.4624167,
              42.42375
            ],
            [
              15.4615833,
              42.423
            ],
            [
              15.4615833,
              42.4228333
            ],
            [
              15.4608333,
              42.4221667
            ],
            [
              15.4608333,
              42.422
            ],
            [
              15.46,
              42.42125
            ],
            [
              15.46,
              42.4210833
            ],
            [
              15.4584167,
              42.4195
            ],
            [
              15.4584167,
              42.4193333
            ],
            [
              15.456,
              42.4168333
            ],
            [
              15.456,
              42.4166667
            ],
            [
              15.4535833,
              42.4141667
            ],
            [
              15.4535833,
              42.414
            ],
            [
              15.4519167,
              42.4123333
            ],
            [
              15.4519167,
              42.4121667
            ],
            [
              15.4511667,
              42.4115
            ],
            [
              15.4511667,
              42.4113333
            ],
            [
              15.4503333,
              42.4105833
            ],
            [
              15.4325,
              42.3865
            ],
            [
              15.4289167,
              42.3803333
            ],
            [
              15.42425,
              42.37275
            ],
            [
              15.4240833,
              42.37225
            ],
            [
              15.4176667,
              42.36175
            ],
            [
              15.4149167,
              42.356
            ],
            [
              15.4149167,
              42.35575
            ],
            [
              15.4141667,
              42.3544167
            ],
            [
              15.4141667,
              42.3541667
            ],
            [
              15.4134167,
              42.3528333
            ],
            [
              15.4134167,
              42.3525833
            ],
            [
              15.41275,
              42.3514167
            ],
            [
              15.41275,
              42.3511667
            ],
            [
              15.412,
              42.3498333
            ],
            [
              15.412,
              42.3495833
            ],
            [
              15.41125,
              42.34825
            ],
            [
              15.41125,
              42.348
            ],
            [
              15.4105,
              42.3466667
            ],
            [
              15.4105,
              42.3464167
            ],
            [
              15.4098333,
              42.34525
            ],
            [
              15.4098333,
              42.345
            ],
            [
              15.4090833,
              42.3436667
            ],
            [
              15.4090833,
              42.3434167
            ],
            [
              15.4083333,
              42.3420833
            ],
            [
              15.4083333,
              42.3418333
            ],
            [
              15.4075833,
              42.3405
            ],
            [
              15.4075833,
              42.34025
            ],
            [
              15.4069167,
              42.3390833
            ],
            [
              15.4069167,
              42.3388333
            ],
            [
              15.4061667,
              42.3375
            ],
            [
              15.4061667,
              42.33725
            ],
            [
              15.4054167,
              42.3359167
            ],
            [
              15.4054167,
              42.3356667
            ],
            [
              15.4049167,
              42.3348333
            ],
            [
              15.4025833,
              42.328
            ],
            [
              15.4020833,
              42.3269167
            ],
            [
              15.39975,
              42.3200833
            ],
            [
              15.3950833,
              42.3073333
            ],
            [
              15.3879167,
              42.27875
            ],
            [
              15.3835833,
              42.2496667
            ],
            [
              15.3821667,
              42.2210833
            ],
            [
              15.3824167,
              42.21525
            ],
            [
              15.332,
              42.2238333
            ],
            [
              15.2811667,
              42.2280833
            ],
            [
              15.2061667,
              42.2279167
            ],
            [
              15.1984167,
              42.231
            ],
            [
              15.1954167,
              42.2335833
            ],
            [
              15.1948333,
              42.2339167
            ],
            [
              15.1945,
              42.2343333
            ],
            [
              15.1939167,
              42.2346667
            ],
            [
              15.1935833,
              42.2350833
            ],
            [
              15.193,
              42.2354167
            ],
            [
              15.1926667,
              42.2358333
            ],
            [
              15.1920833,
              42.2361667
            ],
            [
              15.19175,
              42.2365833
            ],
            [
              15.1915833,
              42.2365833
            ],
            [
              15.19125,
              42.237
            ],
            [
              15.1906667,
              42.2373333
            ],
            [
              15.1903333,
              42.23775
            ],
            [
              15.18975,
              42.2380833
            ],
            [
              15.1894167,
              42.2385
            ],
            [
              15.1888333,
              42.2388333
            ],
            [
              15.188,
              42.2396667
            ],
            [
              15.1865,
              42.24075
            ],
            [
              15.1861667,
              42.2411667
            ],
            [
              15.1855833,
              42.2415
            ],
            [
              15.18475,
              42.2423333
            ],
            [
              15.1841667,
              42.2426667
            ],
            [
              15.1825,
              42.2441667
            ],
            [
              15.1823333,
              42.2441667
            ],
            [
              15.1815,
              42.245
            ],
            [
              15.1813333,
              42.245
            ],
            [
              15.17875,
              42.24725
            ],
            [
              15.1781667,
              42.2475833
            ],
            [
              15.1773333,
              42.2484167
            ],
            [
              15.17675,
              42.24875
            ],
            [
              15.176,
              42.2495
            ],
            [
              15.1628333,
              42.2583333
            ],
            [
              15.1621667,
              42.2589167
            ],
            [
              15.1524167,
              42.2631667
            ],
            [
              15.15175,
              42.2635833
            ],
            [
              15.14925,
              42.2645833
            ],
            [
              15.1485833,
              42.265
            ],
            [
              15.1460833,
              42.266
            ],
            [
              15.1454167,
              42.2664167
            ],
            [
              15.1429167,
              42.2674167
            ],
            [
              15.14225,
              42.2678333
            ],
            [
              15.13975,
              42.2688333
            ],
            [
              15.1390833,
              42.26925
            ],
            [
              15.1365833,
              42.27025
            ],
            [
              15.12975,
              42.2734167
            ],
            [
              15.1295,
              42.2734167
            ],
            [
              15.1265833,
              42.2748333
            ],
            [
              15.1263333,
              42.2748333
            ],
            [
              15.1241667,
              42.2759167
            ],
            [
              15.1231667,
              42.27625
            ],
            [
              15.1225,
              42.2766667
            ],
            [
              15.12,
              42.2776667
            ],
            [
              15.1193333,
              42.2780833
            ],
            [
              15.1168333,
              42.2790833
            ],
            [
              15.1161667,
              42.2795
            ],
            [
              15.1136667,
              42.2805
            ],
            [
              15.113,
              42.2809167
            ],
            [
              15.1105,
              42.2819167
            ],
            [
              15.1098333,
              42.2823333
            ],
            [
              15.1073333,
              42.2833333
            ],
            [
              15.1066667,
              42.28375
            ],
            [
              15.1034167,
              42.2850833
            ],
            [
              15.10275,
              42.2855
            ],
            [
              15.10025,
              42.2865
            ],
            [
              15.0995833,
              42.2869167
            ],
            [
              15.0970833,
              42.2879167
            ],
            [
              15.0964167,
              42.2883333
            ],
            [
              15.0939167,
              42.2893333
            ],
            [
              15.09325,
              42.28975
            ],
            [
              15.09075,
              42.29075
            ],
            [
              15.0900833,
              42.2911667
            ],
            [
              15.0875833,
              42.2921667
            ],
            [
              15.0869167,
              42.2925833
            ],
            [
              15.0844167,
              42.2935833
            ],
            [
              15.08375,
              42.294
            ],
            [
              15.0805,
              42.2953333
            ],
            [
              15.0735,
              42.2985833
            ],
            [
              15.071,
              42.2995833
            ],
            [
              15.0671667,
              42.3014167
            ],
            [
              15.0663333,
              42.30175
            ],
            [
              15.0246667,
              42.3121667
            ],
            [
              15,
              42.3168333
            ],
            [
              15,
              42
            ],
            [
              16.4579167,
              42
            ],
            [
              16.455,
              42.0114167
            ],
            [
              16.4526667,
              42.015
            ],
            [
              16.4519167,
              42.0164167
            ],
            [
              16.4515833,
              42.01675
            ],
            [
              16.4508333,
              42.0181667
            ],
            [
              16.4505,
              42.0185
            ],
            [
              16.44975,
              42.0199167
            ],
            [
              16.4494167,
              42.02025
            ],
            [
              16.4493333,
              42.0205833
            ],
            [
              16.449,
              42.0209167
            ],
            [
              16.44825,
              42.0223333
            ],
            [
              16.4479167,
              42.0226667
            ],
            [
              16.4471667,
              42.0240833
            ],
            [
              16.4468333,
              42.0244167
            ],
            [
              16.4460833,
              42.0258333
            ],
            [
              16.44575,
              42.0261667
            ],
            [
              16.445,
              42.0275833
            ],
            [
              16.4446667,
              42.0279167
            ],
            [
              16.4439167,
              42.0293333
            ],
            [
              16.4435833,
              42.0296667
            ],
            [
              16.44325,
              42.0304167
            ],
            [
              16.4425,
              42.0314167
            ],
            [
              16.4421667,
              42.0321667
            ],
            [
              16.4414167,
              42.0331667
            ],
            [
              16.4410833,
              42.0339167
            ],
            [
              16.4403333,
              42.0349167
            ],
            [
              16.44,
              42.0356667
            ],
            [
              16.43925,
              42.0366667
            ],
            [
              16.4389167,
              42.0374167
            ],
            [
              16.4381667,
              42.0384167
            ],
            [
              16.4378333,
              42.0391667
            ],
            [
              16.4370833,
              42.0401667
            ],
            [
              16.43675,
              42.0409167
            ],
            [
              16.4355833,
              42.0425833
            ],
            [
              16.43525,
              42.0433333
            ],
            [
              16.4345,
              42.0443333
            ],
            [
              16.4341667,
              42.0450833
            ],
            [
              16.4334167,
              42.0460833
            ],
            [
              16.4330833,
              42.0468333
            ],
            [
              16.4323333,
              42.0478333
            ],
            [
              16.432,
              42.0485833
            ],
            [
              16.43125,
              42.0495833
            ],
            [
              16.4309167,
              42.0503333
            ],
            [
              16.4301667,
              42.0513333
            ],
            [
              16.4298333,
              42.0520833
            ],
            [
              16.4290833,
              42.0530833
            ],
            [
              16.42875,
              42.0538333
            ],
            [
              16.428,
              42.0548333
            ],
            [
              16.4276667,
              42.0555833
            ],
            [
              16.4269167,
              42.0565833
            ],
            [
              16.4265833,
              42.0573333
            ],
            [
              16.4258333,
              42.0583333
            ],
            [
              16.4255,
              42.0590833
            ],
            [
              16.42475,
              42.0600833
            ],
            [
              16.4244167,
              42.0608333
            ],
            [
              16.42325,
              42.0625
            ],
            [
              16.4229167,
              42.06325
            ],
            [
              16.4221667,
              42.06425
            ],
            [
              16.4218333,
              42.065
            ],
            [
              16.4210833,
              42.066
            ],
            [
              16.42075,
              42.06675
            ],
            [
              16.42,
              42.06775
            ],
            [
              16.4196667,
              42.0685
            ],
            [
              16.4189167,
              42.0695
            ],
            [
              16.4185833,
              42.07025
            ],
            [
              16.4178333,
              42.07125
            ],
            [
              16.4175,
              42.072
            ],
            [
              16.41675,
              42.073
            ],
            [
              16.4164167,
              42.07375
            ],
            [
              16.4156667,
              42.07475
            ],
            [
              16.4153333,
              42.0755
            ],
            [
              16.4145833,
              42.0765
            ],
            [
              16.41425,
              42.07725
            ],
            [
              16.4135,
              42.07825
            ],
            [
              16.4131667,
              42.079
            ],
            [
              16.4124167,
              42.08
            ],
            [
              16.4120833,
              42.08075
            ],
            [
              16.4109167,
              42.0824167
            ],
            [
              16.408,
              42.0873333
            ],
            [
              16.4074167,
              42.088
            ],
            [
              16.40725,
              42.088
            ],
            [
              16.40675,
              42.0885833
            ],
            [
              16.4065833,
              42.0885833
            ],
            [
              16.4060833,
              42.0891667
            ],
            [
              16.4053333,
              42.0896667
            ],
            [
              16.4048333,
              42.09025
            ],
            [
              16.4046667,
              42.09025
            ],
            [
              16.4041667,
              42.0908333
            ],
            [
              16.4034167,
              42.0913333
            ],
            [
              16.4029167,
              42.0919167
            ],
            [
              16.40275,
              42.0919167
            ],
            [
              16.40225,
              42.0925
            ],
            [
              16.4015,
              42.093
            ],
            [
              16.401,
              42.0935833
            ],
            [
              16.4008333,
              42.0935833
            ],
            [
              16.4003333,
              42.0941667
            ],
            [
              16.3995833,
              42.0946667
            ],
            [
              16.3955,
              42.0983333
            ],
            [
              16.4024167,
              42.098
            ],
            [
              16.4311667,
              42.0994167
            ],
            [
              16.4603333,
              42.10375
            ],
            [
              16.4889167,
              42.1109167
            ],
            [
              16.4923333,
              42.11225
            ],
            [
              16.5165833,
              42.1208333
            ],
            [
              16.5433333,
              42.1335
            ],
            [
              16.558,
              42.1424167
            ],
            [
              16.5585,
              42.1425833
            ],
            [
              16.5585833,
              42.14275
            ],
            [
              16.5680833,
              42.1483333
            ],
            [
              16.5739167,
              42.15275
            ],
            [
              16.5743333,
              42.1529167
            ],
            [
              16.5765,
              42.1546667
            ],
            [
              16.5769167,
              42.1548333
            ],
            [
              16.5790833,
              42.1565833
            ],
            [
              16.5795,
              42.15675
            ],
            [
              16.5816667,
              42.1585
            ],
            [
              16.5820833,
              42.1586667
            ],
            [
              16.5839167,
              42.1601667
            ],
            [
              16.5843333,
              42.1603333
            ],
            [
              16.5865,
              42.1620833
            ],
            [
              16.5869167,
              42.16225
            ],
            [
              16.5890833,
              42.164
            ],
            [
              16.5895,
              42.1641667
            ],
            [
              16.5913333,
              42.1656667
            ],
            [
              16.5921667,
              42.1661667
            ],
            [
              16.5973333,
              42.171
            ],
            [
              16.5975,
              42.171
            ],
            [
              16.5981667,
              42.17175
            ],
            [
              16.5983333,
              42.17175
            ],
            [
              16.5990833,
              42.1725833
            ],
            [
              16.59925,
              42.1725833
            ],
            [
              16.6,
              42.1734167
            ],
            [
              16.6001667,
              42.1734167
            ],
            [
              16.6009167,
              42.17425
            ],
            [
              16.6010833,
              42.17425
            ],
            [
              16.60175,
              42.175
            ],
            [
              16.6019167,
              42.175
            ],
            [
              16.6026667,
              42.1758333
            ],
            [
              16.6028333,
              42.1758333
            ],
            [
              16.6035833,
              42.1766667
            ],
            [
              16.60375,
              42.1766667
            ],
            [
              16.6089167,
              42.1815
            ],
            [
              16.6090833,
              42.1815
            ],
            [
              16.6106667,
              42.1830833
            ],
            [
              16.6108333,
              42.1830833
            ],
            [
              16.6115833,
              42.1839167
            ],
            [
              16.61175,
              42.1839167
            ],
            [
              16.6133333,
              42.1855
            ],
            [
              16.6135,
              42.1855
            ],
            [
              16.6165833,
              42.1888333
            ],
            [
              16.6165833,
              42.189
            ],
            [
              16.6174167,
              42.18975
            ],
            [
              16.6174167,
              42.1899167
            ],
            [
              16.61825,
              42.1906667
            ],
            [
              16.61825,
              42.1908333
            ],
            [
              16.619,
              42.1915
            ],
            [
              16.619,
              42.1916667
            ],
            [
              16.6198333,
              42.1924167
            ],
            [
              16.6198333,
              42.1925833
            ],
            [
              16.6206667,
              42.1933333
            ],
            [
              16.6206667,
              42.1935
            ],
            [
              16.6215,
              42.19425
            ],
            [
              16.6215,
              42.1944167
            ],
            [
              16.62225,
              42.1950833
            ],
            [
              16.62225,
              42.19525
            ],
            [
              16.6230833,
              42.196
            ],
            [
              16.6230833,
              42.1961667
            ],
            [
              16.6239167,
              42.1969167
            ],
            [
              16.6239167,
              42.1970833
            ],
            [
              16.6246667,
              42.19775
            ],
            [
              16.6246667,
              42.1979167
            ],
            [
              16.6255,
              42.1986667
            ],
            [
              16.6255,
              42.1988333
            ],
            [
              16.6263333,
              42.1995833
            ],
            [
              16.6263333,
              42.19975
            ],
            [
              16.6270833,
              42.2004167
            ],
            [
              16.6270833,
              42.2005833
            ],
            [
              16.6279167,
              42.2013333
            ],
            [
              16.6279167,
              42.2015
            ],
            [
              16.62875,
              42.20225
            ],
            [
              16.62875,
              42.2024167
            ],
            [
              16.6295,
              42.2030833
            ],
            [
              16.6295,
              42.20325
            ],
            [
              16.6303333,
              42.204
            ],
            [
              16.6303333,
              42.2041667
            ],
            [
              16.6311667,
              42.2049167
            ],
            [
              16.6311667,
              42.2050833
            ],
            [
              16.6319167,
              42.20575
            ],
            [
              16.6319167,
              42.2059167
            ],
            [
              16.63275,
              42.2066667
            ],
            [
              16.63275,
              42.2068333
            ],
            [
              16.6335833,
              42.2075833
            ],
            [
              16.63475,
              42.2093333
            ],
            [
              16.63625,
              42.2111667
            ],
            [
              16.6364167,
              42.2115833
            ],
            [
              16.6381667,
              42.21375
            ],
            [
              16.6383333,
              42.2141667
            ],
            [
              16.6400833,
              42.2163333
            ],
            [
              16.64025,
              42.21675
            ],
            [
              16.64175,
              42.2185833
            ],
            [
              16.6421667,
              42.2193333
            ],
            [
              16.65125,
              42.2314167
            ],
            [
              16.6515833,
              42.2321667
            ],
            [
              16.65425,
              42.2364167
            ],
            [
              16.6544167,
              42.2369167
            ],
            [
              16.6660833,
              42.2561667
            ],
            [
              16.6685,
              42.2611667
            ],
            [
              16.6691667,
              42.2628333
            ],
            [
              16.6699167,
              42.2641667
            ],
            [
              16.6699167,
              42.2644167
            ],
            [
              16.6706667,
              42.26575
            ],
            [
              16.6706667,
              42.266
            ],
            [
              16.6714167,
              42.2673333
            ],
            [
              16.6720833,
              42.269
            ],
            [
              16.6789167,
              42.28325
            ],
            [
              16.6883333,
              42.3098333
            ],
            [
              16.6885,
              42.31
            ],
            [
              16.6959167,
              42.33925
            ],
            [
              16.70025,
              42.3683333
            ],
            [
              16.7016667,
              42.3965833
            ],
            [
              16.7016667,
              42.3994167
            ],
            [
              16.70025,
              42.4276667
            ],
            [
              16.696,
              42.4563333
            ],
            [
              16.6933333,
              42.4669167
            ],
            [
              16.6963333,
              42.4654167
            ],
            [
              16.6964167,
              42.46525
            ],
            [
              16.6983333,
              42.4643333
            ],
            [
              16.6984167,
              42.4641667
            ],
            [
              16.7003333,
              42.46325
            ],
            [
              16.7004167,
              42.4630833
            ],
            [
              16.7023333,
              42.4621667
            ],
            [
              16.7024167,
              42.462
            ],
            [
              16.70325,
              42.4616667
            ],
            [
              16.7033333,
              42.4615
            ],
            [
              16.7043333,
              42.4610833
            ],
            [
              16.7044167,
              42.4609167
            ],
            [
              16.70525,
              42.4605833
            ],
            [
              16.7053333,
              42.4604167
            ],
            [
              16.7063333,
              42.46
            ],
            [
              16.7064167,
              42.4598333
            ],
            [
              16.7145,
              42.4555
            ],
            [
              16.7279167,
              42.4504167
            ],
            [
              16.8090833,
              42.432
            ],
            [
              16.85325,
              42.4345
            ],
            [
              16.8561667,
              42.4345
            ],
            [
              16.9193333,
              42.4313333
            ],
            [
              16.9395833,
              42.4336667
            ],
            [
              17.0390833,
              42.4634167
            ],
            [
              17.04,
              42.4635833
            ],
            [
              17.05925,
              42.47325
            ],
            [
              17.1495,
              42.5450833
            ],
            [
              17.15,
              42.5448333
            ],
            [
              17.1558333,
              42.5398333
            ],
            [
              17.157,
              42.539
            ],
            [
              17.1573333,
              42.5385833
            ],
            [
              17.158,
              42.5381667
            ],
            [
              17.1584167,
              42.5376667
            ],
            [
              17.1585833,
              42.5376667
            ],
            [
              17.1594167,
              42.5368333
            ],
            [
              17.1605833,
              42.536
            ],
            [
              17.1609167,
              42.5355833
            ],
            [
              17.16275,
              42.5344167
            ],
            [
              17.1629167,
              42.5341667
            ],
            [
              17.16475,
              42.533
            ],
            [
              17.1649167,
              42.53275
            ],
            [
              17.16675,
              42.5315833
            ],
            [
              17.1669167,
              42.5313333
            ],
            [
              17.1673333,
              42.5311667
            ],
            [
              17.1675,
              42.5309167
            ],
            [
              17.1693333,
              42.52975
            ],
            [
              17.1695,
              42.5295
            ],
            [
              17.1713333,
              42.5283333
            ],
            [
              17.1715,
              42.5280833
            ],
            [
              17.1733333,
              42.5269167
            ],
            [
              17.1735,
              42.5266667
            ],
            [
              17.1739167,
              42.5265
            ],
            [
              17.1740833,
              42.52625
            ],
            [
              17.1759167,
              42.5250833
            ],
            [
              17.1760833,
              42.5248333
            ],
            [
              17.1779167,
              42.5236667
            ],
            [
              17.1803333,
              42.5218333
            ],
            [
              17.19225,
              42.5159167
            ],
            [
              17.1923333,
              42.51575
            ],
            [
              17.1981667,
              42.5129167
            ],
            [
              17.19825,
              42.51275
            ],
            [
              17.2101667,
              42.5068333
            ],
            [
              17.21025,
              42.5066667
            ],
            [
              17.2221667,
              42.50075
            ],
            [
              17.22225,
              42.5005833
            ],
            [
              17.2280833,
              42.49775
            ],
            [
              17.2281667,
              42.4975833
            ],
            [
              17.234,
              42.49475
            ],
            [
              17.2340833,
              42.4945833
            ],
            [
              17.2400833,
              42.4916667
            ],
            [
              17.2401667,
              42.4915
            ],
            [
              17.246,
              42.4886667
            ],
            [
              17.2460833,
              42.4885
            ],
            [
              17.2520833,
              42.4855833
            ],
            [
              17.2521667,
              42.4854167
            ],
            [
              17.258,
              42.4825833
            ],
            [
              17.25875,
              42.4820833
            ],
            [
              17.279,
              42.4753333
            ],
            [
              17.3823333,
              42.4601667
            ],
            [
              17.38325,
              42.4601667
            ],
            [
              17.3945833,
              42.4625833
            ],
            [
              17.6836667,
              42.4016667
            ],
            [
              17.6878333,
              42.4009167
            ],
            [
              17.7823333,
              42.3964167
            ],
            [
              17.8739167,
              42.4218333
            ],
            [
              17.8781667,
              42.4246667
            ],
            [
              17.8789167,
              42.424
            ],
            [
              17.8795833,
              42.4236667
            ],
            [
              17.87975,
              42.4234167
            ],
            [
              17.8826667,
              42.4215
            ],
            [
              17.8828333,
              42.42125
            ],
            [
              17.8865833,
              42.41875
            ],
            [
              17.88675,
              42.4185
            ],
            [
              17.8899167,
              42.4164167
            ],
            [
              17.8906667,
              42.41575
            ],
            [
              17.8946667,
              42.4130833
            ],
            [
              17.8954167,
              42.4124167
            ],
            [
              17.8985833,
              42.4103333
            ],
            [
              17.8993333,
              42.4096667
            ],
            [
              17.9025,
              42.4075833
            ],
            [
              17.90325,
              42.4069167
            ],
            [
              17.9064167,
              42.4048333
            ],
            [
              17.9071667,
              42.4041667
            ],
            [
              17.9103333,
              42.4020833
            ],
            [
              17.9110833,
              42.4014167
            ],
            [
              17.9148333,
              42.3989167
            ],
            [
              17.915,
              42.3986667
            ],
            [
              17.9181667,
              42.3965833
            ],
            [
              17.9183333,
              42.3963333
            ],
            [
              17.919,
              42.396
            ],
            [
              17.9191667,
              42.39575
            ],
            [
              17.9229167,
              42.39325
            ],
            [
              17.9245,
              42.392
            ],
            [
              17.9364167,
              42.3858333
            ],
            [
              17.9365,
              42.3856667
            ],
            [
              18,
              42.3634167
            ],
            [
              18,
              45
            ],
            [
              15,
              45
            ]
          ]
        ],
        "type": "Polygon"
      },
      "id": 14,
      "properties": {
        "end_datetime": "2021-12-31T23:59:59Z",
        "grid_code": "ESAWORLDCOVER-N42E015",
        "id": 14,
        "product_version": "2.0.0",
        "source_item_id": "ESA_WorldCover_10m_2021_v200_N42E015",
        "start_datetime": "2021-01-01T00:00:00Z"
      },
      "type": "Feature"
    },
    {
      "geometry": {
        "coordinates": [
          [
            [
              6,
              48
            ],
            [
              6,
              45
            ],
            [
              9,
              45
            ],
            [
              9,
              48
            ],
            [
              6,
              48
            ]
          ]
        ],
        "type": "Polygon"
      },
      "id": 15,
      "properties": {
        "end_datetime": "2021-12-31T23:59:59Z",
        "grid_code": "ESAWORLDCOVER-N45E006",
        "id": 15,
        "product_version": "2.0.0",
        "source_item_id": "ESA_WorldCover_10m_2021_v200_N45E006",
        "start_datetime": "2021-01-01T00:00:00Z"
      },
      "type": "Feature"
    },
    {
      "geometry": {
        "coordinates": [
          [
            [
              9,
              48
            ],
            [
              9,
              45
            ],
            [
              12,
              45
            ],
            [
              12,
              48
            ],
            [
              9,
              48
            ]
          ]
        ],
        "type": "Polygon"
      },
      "id": 16,
      "properties": {
        "end_datetime": "2021-12-31T23:59:59Z",
        "grid_code": "ESAWORLDCOVER-N45E009",
        "id": 16,
        "product_version": "2.0.0",
        "source_item_id": "ESA_WorldCover_10m_2021_v200_N45E009",
        "start_datetime": "2021-01-01T00:00:00Z"
      },
      "type": "Feature"
    },
    {
      "geometry": {
        "coordinates": [
          [
            [
              12,
              48
            ],
            [
              12,
              45
            ],
            [
              12.8285833,
              45
            ],
            [
              12.8260833,
              45.0380833
            ],
            [
              12.8248333,
              45.0408333
            ],
            [
              12.8245,
              45.0419167
            ],
            [
              12.82425,
              45.04225
            ],
            [
              12.8239167,
              45.0433333
            ],
            [
              12.8236667,
              45.0436667
            ],
            [
              12.8233333,
              45.04475
            ],
            [
              12.8215,
              45.0489167
            ],
            [
              12.8211667,
              45.05
            ],
            [
              12.8209167,
              45.0503333
            ],
            [
              12.8205833,
              45.0514167
            ],
            [
              12.8203333,
              45.05175
            ],
            [
              12.82,
              45.0528333
            ],
            [
              12.81875,
              45.0555833
            ],
            [
              12.8184167,
              45.0566667
            ],
            [
              12.8181667,
              45.057
            ],
            [
              12.8178333,
              45.0580833
            ],
            [
              12.8175833,
              45.0584167
            ],
            [
              12.81725,
              45.0595
            ],
            [
              12.817,
              45.0598333
            ],
            [
              12.8166667,
              45.0609167
            ],
            [
              12.8154167,
              45.0636667
            ],
            [
              12.8150833,
              45.06475
            ],
            [
              12.8148333,
              45.0650833
            ],
            [
              12.8145,
              45.0661667
            ],
            [
              12.81425,
              45.0665
            ],
            [
              12.8139167,
              45.0675833
            ],
            [
              12.8136667,
              45.0679167
            ],
            [
              12.8133333,
              45.069
            ],
            [
              12.8120833,
              45.07175
            ],
            [
              12.81175,
              45.0728333
            ],
            [
              12.8115,
              45.0731667
            ],
            [
              12.8111667,
              45.07425
            ],
            [
              12.8109167,
              45.0745833
            ],
            [
              12.8105833,
              45.0756667
            ],
            [
              12.8093333,
              45.0784167
            ],
            [
              12.809,
              45.0795
            ],
            [
              12.80875,
              45.0798333
            ],
            [
              12.8084167,
              45.0809167
            ],
            [
              12.8081667,
              45.08125
            ],
            [
              12.8078333,
              45.0823333
            ],
            [
              12.8075833,
              45.0826667
            ],
            [
              12.80725,
              45.08375
            ],
            [
              12.806,
              45.0865
            ],
            [
              12.8056667,
              45.0875833
            ],
            [
              12.8054167,
              45.0879167
            ],
            [
              12.8050833,
              45.089
            ],
            [
              12.8048333,
              45.0893333
            ],
            [
              12.8045,
              45.0904167
            ],
            [
              12.80425,
              45.09075
            ],
            [
              12.8039167,
              45.0918333
            ],
            [
              12.8026667,
              45.0945833
            ],
            [
              12.8023333,
              45.0956667
            ],
            [
              12.8020833,
              45.096
            ],
            [
              12.80175,
              45.0970833
            ],
            [
              12.8015,
              45.0974167
            ],
            [
              12.8011667,
              45.0985
            ],
            [
              12.8009167,
              45.0988333
            ],
            [
              12.8005833,
              45.0999167
            ],
            [
              12.7999167,
              45.10125
            ],
            [
              12.7995833,
              45.1023333
            ],
            [
              12.7993333,
              45.1026667
            ],
            [
              12.799,
              45.10375
            ],
            [
              12.79875,
              45.1040833
            ],
            [
              12.7984167,
              45.1051667
            ],
            [
              12.7981667,
              45.1055
            ],
            [
              12.7978333,
              45.1065833
            ],
            [
              12.7975833,
              45.1069167
            ],
            [
              12.79725,
              45.108
            ],
            [
              12.7965833,
              45.1093333
            ],
            [
              12.79625,
              45.1104167
            ],
            [
              12.796,
              45.11075
            ],
            [
              12.7956667,
              45.1118333
            ],
            [
              12.7954167,
              45.1121667
            ],
            [
              12.7950833,
              45.11325
            ],
            [
              12.7948333,
              45.1135833
            ],
            [
              12.7945,
              45.1146667
            ],
            [
              12.79425,
              45.115
            ],
            [
              12.7939167,
              45.1160833
            ],
            [
              12.79325,
              45.1174167
            ],
            [
              12.7889167,
              45.1280833
            ],
            [
              12.7868333,
              45.13125
            ],
            [
              12.7865,
              45.132
            ],
            [
              12.7861667,
              45.1323333
            ],
            [
              12.7828333,
              45.1379167
            ],
            [
              12.782,
              45.1386667
            ],
            [
              12.782,
              45.1388333
            ],
            [
              12.7803333,
              45.1404167
            ],
            [
              12.7803333,
              45.1405833
            ],
            [
              12.7786667,
              45.1421667
            ],
            [
              12.7786667,
              45.1423333
            ],
            [
              12.777,
              45.1439167
            ],
            [
              12.777,
              45.1440833
            ],
            [
              12.7753333,
              45.1456667
            ],
            [
              12.7753333,
              45.1458333
            ],
            [
              12.7736667,
              45.1474167
            ],
            [
              12.7736667,
              45.1475833
            ],
            [
              12.772,
              45.1491667
            ],
            [
              12.772,
              45.1493333
            ],
            [
              12.7703333,
              45.1509167
            ],
            [
              12.7703333,
              45.1510833
            ],
            [
              12.7686667,
              45.1526667
            ],
            [
              12.7686667,
              45.1528333
            ],
            [
              12.767,
              45.1544167
            ],
            [
              12.767,
              45.1545833
            ],
            [
              12.7653333,
              45.1561667
            ],
            [
              12.7653333,
              45.1563333
            ],
            [
              12.7636667,
              45.1579167
            ],
            [
              12.7636667,
              45.1580833
            ],
            [
              12.762,
              45.1596667
            ],
            [
              12.762,
              45.1598333
            ],
            [
              12.7603333,
              45.1614167
            ],
            [
              12.7603333,
              45.1615833
            ],
            [
              12.7586667,
              45.1631667
            ],
            [
              12.7586667,
              45.1633333
            ],
            [
              12.757,
              45.1649167
            ],
            [
              12.757,
              45.1650833
            ],
            [
              12.7553333,
              45.1666667
            ],
            [
              12.7553333,
              45.1668333
            ],
            [
              12.7536667,
              45.1684167
            ],
            [
              12.7536667,
              45.1685833
            ],
            [
              12.752,
              45.1701667
            ],
            [
              12.752,
              45.1703333
            ],
            [
              12.7503333,
              45.1719167
            ],
            [
              12.7503333,
              45.1720833
            ],
            [
              12.7486667,
              45.1736667
            ],
            [
              12.7486667,
              45.1738333
            ],
            [
              12.747,
              45.1754167
            ],
            [
              12.747,
              45.1755833
            ],
            [
              12.7453333,
              45.1771667
            ],
            [
              12.7453333,
              45.1773333
            ],
            [
              12.7436667,
              45.1789167
            ],
            [
              12.7436667,
              45.1790833
            ],
            [
              12.742,
              45.1806667
            ],
            [
              12.742,
              45.1808333
            ],
            [
              12.7403333,
              45.1824167
            ],
            [
              12.7403333,
              45.1825833
            ],
            [
              12.7386667,
              45.1841667
            ],
            [
              12.7386667,
              45.1843333
            ],
            [
              12.737,
              45.1859167
            ],
            [
              12.737,
              45.1860833
            ],
            [
              12.7353333,
              45.1876667
            ],
            [
              12.7353333,
              45.1878333
            ],
            [
              12.7336667,
              45.1894167
            ],
            [
              12.7336667,
              45.1895833
            ],
            [
              12.732,
              45.1911667
            ],
            [
              12.732,
              45.1913333
            ],
            [
              12.7303333,
              45.1929167
            ],
            [
              12.7303333,
              45.1930833
            ],
            [
              12.7269167,
              45.1965
            ],
            [
              12.7269167,
              45.1966667
            ],
            [
              12.72525,
              45.19825
            ],
            [
              12.72525,
              45.1984167
            ],
            [
              12.7235833,
              45.2
            ],
            [
              12.7235833,
              45.2001667
            ],
            [
              12.7219167,
              45.20175
            ],
            [
              12.7219167,
              45.2019167
            ],
            [
              12.72025,
              45.2035
            ],
            [
              12.72025,
              45.2036667
            ],
            [
              12.7185833,
              45.20525
            ],
            [
              12.7185833,
              45.2054167
            ],
            [
              12.7169167,
              45.207
            ],
            [
              12.7169167,
              45.2071667
            ],
            [
              12.71525,
              45.20875
            ],
            [
              12.71525,
              45.2089167
            ],
            [
              12.7135833,
              45.2105
            ],
            [
              12.7135833,
              45.2106667
            ],
            [
              12.7111667,
              45.2131667
            ],
            [
              12.8785,
              45.2699167
            ],
            [
              12.9068333,
              45.28125
            ],
            [
              12.91075,
              45.2831667
            ],
            [
              12.9119167,
              45.2835833
            ],
            [
              12.9149167,
              45.2850833
            ],
            [
              12.9160833,
              45.2855
            ],
            [
              12.9190833,
              45.287
            ],
            [
              12.92025,
              45.2874167
            ],
            [
              12.92325,
              45.2889167
            ],
            [
              12.9244167,
              45.2893333
            ],
            [
              12.9285,
              45.2913333
            ],
            [
              12.9296667,
              45.29175
            ],
            [
              12.9326667,
              45.29325
            ],
            [
              12.9338333,
              45.2936667
            ],
            [
              12.9368333,
              45.2951667
            ],
            [
              12.938,
              45.2955833
            ],
            [
              12.941,
              45.2970833
            ],
            [
              12.9421667,
              45.2975
            ],
            [
              12.9451667,
              45.299
            ],
            [
              12.9463333,
              45.2994167
            ],
            [
              12.9504167,
              45.3014167
            ],
            [
              12.9515833,
              45.3018333
            ],
            [
              12.9545833,
              45.3033333
            ],
            [
              12.95575,
              45.30375
            ],
            [
              12.9565833,
              45.30425
            ],
            [
              12.9599167,
              45.3056667
            ],
            [
              12.96075,
              45.3061667
            ],
            [
              12.9640833,
              45.3075833
            ],
            [
              12.9649167,
              45.3080833
            ],
            [
              12.96825,
              45.3095
            ],
            [
              12.9690833,
              45.31
            ],
            [
              12.9693333,
              45.31
            ],
            [
              12.9701667,
              45.3105
            ],
            [
              12.9735,
              45.3119167
            ],
            [
              12.9743333,
              45.3124167
            ],
            [
              12.9776667,
              45.3138333
            ],
            [
              12.9785,
              45.3143333
            ],
            [
              12.9818333,
              45.31575
            ],
            [
              12.9826667,
              45.31625
            ],
            [
              12.986,
              45.3176667
            ],
            [
              12.9868333,
              45.3181667
            ],
            [
              12.9870833,
              45.3181667
            ],
            [
              12.9879167,
              45.3186667
            ],
            [
              12.99125,
              45.3200833
            ],
            [
              12.9920833,
              45.3205833
            ],
            [
              12.9954167,
              45.322
            ],
            [
              12.99625,
              45.3225
            ],
            [
              12.9995833,
              45.3239167
            ],
            [
              13.0004167,
              45.3244167
            ],
            [
              13.00375,
              45.3258333
            ],
            [
              13.0045833,
              45.3263333
            ],
            [
              13.0048333,
              45.3263333
            ],
            [
              13.0056667,
              45.3268333
            ],
            [
              13.0079167,
              45.32775
            ],
            [
              13.00875,
              45.32825
            ],
            [
              13.009,
              45.32825
            ],
            [
              13.0098333,
              45.32875
            ],
            [
              13.0100833,
              45.32875
            ],
            [
              13.0109167,
              45.32925
            ],
            [
              13.0131667,
              45.3301667
            ],
            [
              13.0250833,
              45.33575
            ],
            [
              13.0679167,
              45.33675
            ],
            [
              13.1240833,
              45.3434167
            ],
            [
              13.1480833,
              45.3485833
            ],
            [
              13.22175,
              45.3756667
            ],
            [
              13.2220833,
              45.3756667
            ],
            [
              13.2445833,
              45.3028333
            ],
            [
              13.249,
              45.2941667
            ],
            [
              13.2614167,
              45.2379167
            ],
            [
              13.2615833,
              45.2378333
            ],
            [
              13.26175,
              45.2373333
            ],
            [
              13.2619167,
              45.23725
            ],
            [
              13.2620833,
              45.23675
            ],
            [
              13.26225,
              45.2366667
            ],
            [
              13.2624167,
              45.2361667
            ],
            [
              13.2625833,
              45.2360833
            ],
            [
              13.26275,
              45.2355833
            ],
            [
              13.2629167,
              45.2355
            ],
            [
              13.2630833,
              45.235
            ],
            [
              13.26325,
              45.2349167
            ],
            [
              13.2634167,
              45.2344167
            ],
            [
              13.2635833,
              45.2343333
            ],
            [
              13.26375,
              45.2338333
            ],
            [
              13.2639167,
              45.23375
            ],
            [
              13.2640833,
              45.23325
            ],
            [
              13.26425,
              45.2331667
            ],
            [
              13.2644167,
              45.2326667
            ],
            [
              13.2645833,
              45.2325833
            ],
            [
              13.26475,
              45.2320833
            ],
            [
              13.2649167,
              45.232
            ],
            [
              13.2650833,
              45.2315
            ],
            [
              13.26525,
              45.2314167
            ],
            [
              13.2654167,
              45.2309167
            ],
            [
              13.2655833,
              45.2308333
            ],
            [
              13.26575,
              45.2303333
            ],
            [
              13.2659167,
              45.23025
            ],
            [
              13.2660833,
              45.22975
            ],
            [
              13.26625,
              45.2296667
            ],
            [
              13.2664167,
              45.2291667
            ],
            [
              13.2665833,
              45.2290833
            ],
            [
              13.26675,
              45.2285833
            ],
            [
              13.2669167,
              45.2285
            ],
            [
              13.2670833,
              45.228
            ],
            [
              13.26725,
              45.2279167
            ],
            [
              13.2674167,
              45.2274167
            ],
            [
              13.2675833,
              45.2273333
            ],
            [
              13.26775,
              45.2268333
            ],
            [
              13.2679167,
              45.22675
            ],
            [
              13.2680833,
              45.22625
            ],
            [
              13.26825,
              45.2261667
            ],
            [
              13.2684167,
              45.2256667
            ],
            [
              13.2685833,
              45.2255833
            ],
            [
              13.26875,
              45.2250833
            ],
            [
              13.2689167,
              45.225
            ],
            [
              13.2690833,
              45.2245
            ],
            [
              13.26925,
              45.2244167
            ],
            [
              13.2694167,
              45.2239167
            ],
            [
              13.2695833,
              45.2238333
            ],
            [
              13.26975,
              45.2233333
            ],
            [
              13.2699167,
              45.22325
            ],
            [
              13.2700833,
              45.22275
            ],
            [
              13.27025,
              45.2226667
            ],
            [
              13.2704167,
              45.2221667
            ],
            [
              13.2705833,
              45.2220833
            ],
            [
              13.27075,
              45.2215833
            ],
            [
              13.2709167,
              45.2215
            ],
            [
              13.2710833,
              45.221
            ],
            [
              13.27125,
              45.2209167
            ],
            [
              13.2714167,
              45.2204167
            ],
            [
              13.2715833,
              45.2203333
            ],
            [
              13.27175,
              45.2198333
            ],
            [
              13.2719167,
              45.21975
            ],
            [
              13.2720833,
              45.21925
            ],
            [
              13.27225,
              45.2191667
            ],
            [
              13.2724167,
              45.2186667
            ],
            [
              13.2725833,
              45.2185833
            ],
            [
              13.27275,
              45.2180833
            ],
            [
              13.2729167,
              45.218
            ],
            [
              13.2730833,
              45.2175
            ],
            [
              13.27325,
              45.2174167
            ],
            [
              13.2734167,
              45.2169167
            ],
            [
              13.2735833,
              45.2168333
            ],
            [
              13.27375,
              45.2163333
            ],
            [
              13.2739167,
              45.21625
            ],
            [
              13.2740833,
              45.21575
            ],
            [
              13.27425,
              45.2156667
            ],
            [
              13.2761667,
              45.2120833
            ],
            [
              13.2763333,
              45.212
            ],
            [
              13.2765,
              45.2115
            ],
            [
              13.2766667,
              45.2114167
            ],
            [
              13.2768333,
              45.2109167
            ],
            [
              13.277,
              45.2108333
            ],
            [
              13.2771667,
              45.2103333
            ],
            [
              13.2773333,
              45.21025
            ],
            [
              13.2775,
              45.20975
            ],
            [
              13.2776667,
              45.2096667
            ],
            [
              13.2778333,
              45.2091667
            ],
            [
              13.278,
              45.2090833
            ],
            [
              13.2781667,
              45.2085833
            ],
            [
              13.2783333,
              45.2085
            ],
            [
              13.2785,
              45.208
            ],
            [
              13.2786667,
              45.2079167
            ],
            [
              13.2788333,
              45.2074167
            ],
            [
              13.279,
              45.2073333
            ],
            [
              13.2791667,
              45.2068333
            ],
            [
              13.2793333,
              45.20675
            ],
            [
              13.2795,
              45.20625
            ],
            [
              13.2796667,
              45.2061667
            ],
            [
              13.2798333,
              45.2056667
            ],
            [
              13.28,
              45.2055833
            ],
            [
              13.28225,
              45.2015833
            ],
            [
              13.28225,
              45.1965833
            ],
            [
              13.2824167,
              45.1955833
            ],
            [
              13.3003333,
              45.094
            ],
            [
              13.30125,
              45.0925
            ],
            [
              13.3018333,
              45.089
            ],
            [
              13.30425,
              45.0840833
            ],
            [
              13.31,
              45.0676667
            ],
            [
              13.3164167,
              45.05
            ],
            [
              13.31675,
              45.04875
            ],
            [
              13.32275,
              45.03225
            ],
            [
              13.3230833,
              45.031
            ],
            [
              13.3295,
              45.0133333
            ],
            [
              13.3298333,
              45.0120833
            ],
            [
              13.3325,
              45.0049167
            ],
            [
              13.33275,
              45.004
            ],
            [
              13.3331667,
              45
            ],
            [
              15,
              45
            ],
            [
              15,
              48
            ],
            [
              12,
              48
            ]
          ]
        ],
        "type": "Polygon"
      },
      "id": 17,
      "properties": {
        "end_datetime": "2021-12-31T23:59:59Z",
        "grid_code": "ESAWORLDCOVER-N45E012",
        "id": 17,
        "product_version": "2.0.0",
        "source_item_id": "ESA_WorldCover_10m_2021_v200_N45E012",
        "start_datetime": "2021-01-01T00:00:00Z"
      },
      "type": "Feature"
    }
  ],
  "type": "FeatureCollection"
}
